Id,Sentence_Text,Letters,Words,Num_Sentences,Raw_Gulpease_index,Normalized_Gulpease_index
1,La statua è stata realizzata nel 1998 dallo scultore Luigi Mattei.,51,11,1,69.91,69.91
2,In questa nicchia è esposta la macchina fotografica che appartenne all’avvocato astigiano Secondo Pia con la quale scattò il 25 e il 28 maggio 1998 le prime fotografie della Sìndone.,143,30,1,51.33,51.33
3,Si tratta di un apparecchio appositamente costruito per il Pia da un artigiano torinese al fine di eseguire fotografie di grande formato.,115,22,1,50.36,50.36
4,"Fotografia dell'altare della Sìndone in Duomo durante l'ostensione del 1998, fotografia effettuata da Secondo Pia.",92,15,1,47.67,47.67
5,Ingrandimento del volto in negativo fotografico.,42,6,1,69.0,69.0
6,In questa nicchia sono esposte alcune realizzazioni di artisti ispirate al volto dell’Uomo della Sìndone.,89,15,1,49.67,49.67
7,Si tratta di opere prodotte a partire dal 1931 sino ai giorni nostri.,52,13,1,72.08,72.08
8,"Al centro la suggestiva opera “Resurrezione” del giovane artista contemporaneo polacco Bartosz Keska di Zakopane, che coglie il momento del ritorno alla vita di Cristo, espresso dalla sagoma fortemente luminosa che si anima al di sotto del telo sindonico.",212,39,1,42.33,42.33
9,"La pubblicazione dei risultati della fotografie del Pia provocò un rinnovato interesse nei confronti della Sìndone, ma anche molte polemiche.",120,20,1,44.0,44.0
10,La Sìndone presenta due tipi di impronte: ematiche e corpòree.,51,10,1,68.0,68.0
11,"Riproduzione di un casco di rami spinosi, che rimane l'ipotesi più accreditata della corona di Spine del racconto.",94,18,1,53.44,53.44
12,Si può riconoscere la frattura del naso e un ematoma allo zigomo destro.,59,13,1,66.69,66.69
13,"Sulla fronte sono evidenti delle colature di sangue provocate da un casco di rami spinosi, come quello esposto a fianco.",99,20,1,54.5,54.5
14,"Secondo Pia, nato nel 1855 e morto nel 1941, fu uno dei più grandi fotografi dell’800.",56,16,1,72.75,72.75
15,In questa vetrina sono documentate le operazioni per la conservazione della Sìndone compiute nel giugno-luglio 2002.,95,16,1,48.38,48.38
16,Sul polso sinistro è visibile una colatura di sangue fuoriuscito da una ferita provocata dalla penetrazione di un chiodo.,102,19,1,51.11,51.11
17,"A fianco sono esposti tre chiodi settecenteschi ricostruiti a imitazione di quelli che in epoca romana venivano usati per le crocifissioni, forgiati includendo probabilmente alcuni frammenti di chiodi ritenuti originali, come dimostrano i sigilli pendenti.",219,35,1,35.0,35.0
18,Operazioni di conservazione anni 2000.,29,5,1,91.0,91.0
19,"Il 21 aprile 1988 vennero prelevati dalla Sìndone dei campioni di tessuto per essere sottoposti alla datazione con il metodo del radiocarbonio presso i laboratori di Oxford, Zurigo e Tucson.",153,30,1,48.0,48.0
20,Sono rappresentati gli  studi dell’immagine della Sìndone con l’ausilio del computer.,71,11,1,51.73,51.73
21,In questa vetrina è illustrato lo studio delle varie tracce presenti sulla Sìndone.,70,13,1,58.23,58.23
22," Alcuni segni sono dovuti a bruciature, cera e acqua.",42,9,1,75.67,75.67
23,"Altre tracce derivano dal contatto del lenzuolo con il corpo, come sangue, siero e cellule epiteliali.",84,16,1,55.25,55.25
24,"Sono inoltre analizzate le sostanze conservative utilizzate, tra cui aloe e mirra.",69,12,1,56.5,56.5
25,"Infine, viene esaminata la polvere che si è depositata sul tessuto nel corso dei secoli.",72,15,1,61.0,61.0
26,Ricostruzione di un telaio dell'epoca.,32,5,1,85.0,85.0
27,"Ricostruzione in scala di un sepolcro giudaico del I secolo, che ha per sfondo una pianta della basilica del Santo Sepolcro di Gerusalemme in epoca crociata.",130,26,1,50.54,50.54
28,Beato Sebastiano Valfrè.,21,3,1,119.0,100
29,San Francesco di Sales.,19,4,1,116.5,100
30,Papa Pio Ottavo.,13,3,1,145.67,100
31,"In questa vetrina può vedere alcuni frammenti delle stoffe che nel tempo hanno protetto la Sìndone all’interno della cassetta in cui era conservata, distribuiti come reliquia “da contatto” e corredati da autentica che ne testimonia l’effettivo contatto con la Sìndone.",223,40,1,40.75,40.75
32,"Anche alcuni oggetti venuti in contatto con il Lenzuolo, come uno degli spilli serviti per fermare la Sìndone durante l’ostensione del 1868 qui esposto, venivano conservati religiosamente e tramandati.",165,29,1,42.45,42.45
33,Copia su tela in formato uno ad uno della Sìndone: sono apprezzabili i particolari in modo molto prossimo all’osservazione diretta.,109,20,1,49.5,49.5
34,"Nella ricostruzione della storia della Sìndone, risultano per il momento ipotetici i passaggi da Gerusalemme a Edessa, oggi Sanliurfa in Turchia, e di qui a Costantinopoli e ad Atene in Grecia durante il periodo dell’Impero latino d’Oriente. ",199,37,1,43.32,43.32
35,"Mentre sono documentati con precisione quelli da Lirey, in  Francia, a Chambéry, in Savoia, e a Torino.",81,17,1,59.0,59.0
36,Nelle vetrine seguenti potrà seguire lo sviluppo di questi percorsi.,58,10,1,61.0,61.0
37,Due reliquiari settecenteschi contenenti un piccolo filo di Sìndone insieme ad altri contenenti stoffe venute a contatto con il sacro Telo.,118,21,1,47.1,47.1
38,"Nel 1506 il papa Giulio II concesse il culto pubblico della Sìndone, fissandone la memoria il 4 maggio e approvandone la messa e l’ufficio il cui testo in edizione seicentesca è esposto in questa vetrina.",162,35,1,51.29,51.29
39,"Nel 1453 l’ultima discendente di Geoffroy de Charny, Marguerite, cede la Sìndone ai Savoia.",70,14,1,60.43,60.43
40,"Relativamente al periodo più antico della storia della Sìndone, un’ipotesi che ancora oggi si sta studiando, identifica la Sìndone di Torino con il Mandylion di Edessa, un piccolo telo conosciuto sin dal IV secolo in Oriente contenente l’immagine, ritenuta impressa miracolosamente, del volto di Cristo.",251,45,1,39.89,39.89
41,Uno dei problemi storici su cui si incentra la ricerca riguarda le possibili vicende della Sìndone nel primo millennio.,100,19,1,52.16,52.16
42,"Se la Sìndone può essere identificata con il Mandylion di Edessa, allora essa sarebbe stata trasferita a Costantinopoli nel 944, e di qui, attraverso strade non chiarite, sarebbe giunta in Europa.",158,31,1,47.71,47.71
43,In questa vetrina sono esposti alcuni oggetti e documenti che potrebbero sostenere questa tesi.,81,14,1,52.57,52.57
44,"Nel 1578 Emanuele Filiberto di Savoia, dopo avere spostato il centro politico e amministrativo dello Stato da Chambéry a Torino, volle anche portare il palladio religioso della dinastia, la Sìndone.",161,30,1,45.33,45.33
45,"Il Telo compì il viaggio ripiegato più volte, dentro questa piccola cassa di legno, che anticamente doveva essere ricoperta di scaglie preziose, forse madreperla e tartaruga.",145,26,1,44.77,44.77
46,"Con la concessione del culto ufficiale della Sìndone da parte del papa Giulio II nel 1506, che ne fissò la festa il giorno 4 di maggio, la notorietà e la devozione verso la reliquia crebbero, anche in conseguenza delle ostensioni periodiche celebrate a Chambéry.",210,44,1,48.09,48.09
47,Il 600 e il 700 sono i secoli nei quali maggiormente si sviluppa la devozione alla Sìndone.,68,17,1,66.65,66.65
48,Numerose sono le raffigurazioni che vengono fatte prodotte e fatte circolare.,66,11,1,56.27,56.27
49,"Nel 1735 terminava la costruzione della chiesa della Confratèrnita del Santissimo Sudario, sovrastante questa cripta.",97,15,1,44.33,44.33
50,Tra il 500 e il 600 sono stati scritti e pubblicati più di 100 testi interamente dedicati o che comunque trattano della Sìndone.,96,23,1,60.3,60.3
51,Dalla seconda metà del 700 le ostensioni iniziano a rarefarsi.,49,10,1,70.0,70.0
52,"Nell'800, dopo il regno di Carlo Felice, le ostensioni diventano ancora più rare, e solo per matrimoni dinastici.",88,18,1,56.78,56.78
53,La Sìndone non è l’unica immagine di Cristo ad essere stata oggetto di devozione in Europa a partire dal Medioevo.,93,20,1,57.5,57.5
54,"Dalla Veronica, al Mandylion, alla Sìndone di Besançon, nei secoli sono ricordate altre venerate immagini ritenute di Cristo.",104,18,1,47.89,47.89
55,"Di tutte, l’unica che ha resistito al vaglio della critica per le sue particolari caratteristiche, è la Sìndone di Torino.",99,20,1,54.5,54.5
56,In questa vetrina può ammirare una bellissima raffigurazione della deposizione dalla croce con l’ostensione della Sìndone.,105,16,1,42.12,42.12
57,Ai lati in monocromo le insegne della Passione presentate da angeli.,57,11,1,64.45,64.45
58,Si tratta di un’opera dell’inizio del 600 dipinta su seta da Giovanni Battista Della Rovere.,72,15,1,61.0,61.0
59,"L’iconografia della sepoltura nella Sìndone, di cui ha già visto un ingrandimento.",68,12,1,57.33,57.33
60,"Lo scopo della Confratèrnita, ideatrice del Museo, è sin dalle origini quello di diffondere il culto e la conoscenza della Sìndone.",108,21,1,51.86,51.86
61,"Nella teca di vetro può osservare la preziosa cassa di legno, rivestita con lamina d’argento e tempestata di pietre dure e smalti, in cui è stata conservata, arrotolata, la Sìndone dalla fine del XVI secolo sino al 1998.",173,38,1,51.37,51.37
62,Il coperchio è in legno ricoperto di tessuto.,37,8,1,80.25,80.25
63,"Si tratta di preziosa opera di committenza sabauda, che nel tempo ha subito alcune integrazioni e modifiche che tuttavia non hanno alterato la sua impostazione originale.",143,26,1,45.54,45.54
64,"Sotto alla teca sono esposti gli accessori che servivano alla conservazione della Sìndone all’interno della cassetta, eliminati al momento in cui si è adottato il nuovo sistema di conservazione.",163,29,1,43.14,43.14
65,Sono visibili il rullo in legno rivestito di seta su cui veniva arrotolato il lenzuolo e cuscinetti che venivano inseriti tra il rullo e il tessuto.,122,26,1,53.62,53.62
66,Dal 900 a oggi sono state celebrate sette ostensioni solenni.,48,10,1,71.0,71.0
67,"La prima avvenne nel 1931, in occasione del matrimonio del futuro re Umberto II.",61,14,1,66.86,66.86
68,Nel 1933 ne seguì un'altra per celebrare l’Anno Santo della Redenzione.,54,11,1,67.18,67.18
69,Nel 1973 si tenne invece un’ostensione televisiva.,38,7,1,77.57,77.57
70,Nel 1978 l'evento ricordò il quattrocentesimo anniversario dell’arrivo della Sìndone a Torino.,76,12,1,50.67,50.67
71,L'ostensione del 1998 commemorò alcune ricorrenze della storia religiosa piemontese e il centenario della prima fotografia del Telo.,109,18,1,45.11,45.11
72,"Nel 2000 si celebrò il grande Giubileo e, infine, l'elenco si chiude con l'ostensione del 2010.",67,16,1,65.88,65.88
73,Si può vedere come la Sìndone è conservata distesa in una grande teca ad atmosfera.,68,15,1,63.67,63.67
74,La statua è stata realizzata nel 1998 dallo scultore Luigi Mattei.,51,11,1,69.91,69.91
75,In questa nicchia è esposta la macchina fotografica che appartenne all’avvocato astigiano Secondo Pia con la quale scattò il 25 e il 28 maggio 1998 le prime fotografie della Sìndone.,143,30,1,51.33,51.33
76,Si tratta di un apparecchio appositamente costruito per il Pia da un artigiano torinese al fine di eseguire fotografie di grande formato.,115,22,1,50.36,50.36
77,"Fotografia dell'altare della Sìndone in Duomo durante l'ostensione del 1998, fotografia effettuata da Secondo Pia.",92,15,1,47.67,47.67
78,Ingrandimento del volto in negativo fotografico.,42,6,1,69.0,69.0
79,In questa nicchia sono esposte alcune realizzazioni di artisti ispirate al volto dell’Uomo della Sìndone.,89,15,1,49.67,49.67
80,Si tratta di opere prodotte a partire dal 1931 sino ai giorni nostri.,52,13,1,72.08,72.08
81,"Al centro la suggestiva opera “Resurrezione” del giovane artista contemporaneo polacco Bartosz Keska di Zakopane, che coglie il momento del ritorno alla vita di Cristo, espresso dalla sagoma fortemente luminosa che si anima al di sotto del telo sindonico.",212,39,1,42.33,42.33
82,"La pubblicazione dei risultati della fotografie del Pia provocò un rinnovato interesse nei confronti della Sìndone, ma anche molte polemiche.",120,20,1,44.0,44.0
83,La Sìndone presenta due tipi di impronte: ematiche e corpòree.,51,10,1,68.0,68.0
84,"Riproduzione di un casco di rami spinosi, che rimane l'ipotesi più accreditata della corona di Spine del racconto.",94,18,1,53.44,53.44
85,Si può riconoscere la frattura del naso e un ematoma allo zigomo destro.,59,13,1,66.69,66.69
86,"Sulla fronte sono evidenti delle colature di sangue provocate da un casco di rami spinosi, come quello esposto a fianco.",99,20,1,54.5,54.5
87,"Secondo Pia, nato nel 1855 e morto nel 1941, fu uno dei più grandi fotografi dell’800.",56,16,1,72.75,72.75
88,In questa vetrina sono documentate le operazioni per la conservazione della Sìndone compiute nel giugno-luglio 2002.,95,16,1,48.38,48.38
89,Sul polso sinistro è visibile una colatura di sangue fuoriuscito da una ferita provocata dalla penetrazione di un chiodo.,102,19,1,51.11,51.11
90,"A fianco sono esposti tre chiodi settecenteschi ricostruiti a imitazione di quelli che in epoca romana venivano usati per le crocifissioni, forgiati includendo probabilmente alcuni frammenti di chiodi ritenuti originali, come dimostrano i sigilli pendenti.",219,35,1,35.0,35.0
91,Operazioni di conservazione anni 2000.,29,5,1,91.0,91.0
92,"Il 21 aprile 1988 vennero prelevati dalla Sìndone dei campioni di tessuto per essere sottoposti alla datazione con il metodo del radiocarbonio presso i laboratori di Oxford, Zurigo e Tucson.",153,30,1,48.0,48.0
93,Sono rappresentati gli  studi dell’immagine della Sìndone con l’ausilio del computer.,71,11,1,51.73,51.73
94,In questa vetrina è illustrato lo studio delle varie tracce presenti sulla Sìndone.,70,13,1,58.23,58.23
95," Alcuni segni sono dovuti a bruciature, cera e acqua.",42,9,1,75.67,75.67
96,"Altre tracce derivano dal contatto del lenzuolo con il corpo, come sangue, siero e cellule epiteliali.",84,16,1,55.25,55.25
97,"Sono inoltre analizzate le sostanze conservative utilizzate, tra cui aloe e mirra.",69,12,1,56.5,56.5
98,"Infine, viene esaminata la polvere che si è depositata sul tessuto nel corso dei secoli.",72,15,1,61.0,61.0
99,Ricostruzione di un telaio dell'epoca.,32,5,1,85.0,85.0
100,"Ricostruzione in scala di un sepolcro giudaico del I secolo, che ha per sfondo una pianta della basilica del Santo Sepolcro di Gerusalemme in epoca crociata.",130,26,1,50.54,50.54
101,Beato Sebastiano Valfrè.,21,3,1,119.0,100
102,San Francesco di Sales.,19,4,1,116.5,100
103,Papa Pio Ottavo.,13,3,1,145.67,100
104,"In questa vetrina può vedere alcuni frammenti delle stoffe che nel tempo hanno protetto la Sìndone all’interno della cassetta in cui era conservata, distribuiti come reliquia “da contatto” e corredati da autentica che ne testimonia l’effettivo contatto con la Sìndone.",223,40,1,40.75,40.75
105,"Anche alcuni oggetti venuti in contatto con il Lenzuolo, come uno degli spilli serviti per fermare la Sìndone durante l’ostensione del 1868 qui esposto, venivano conservati religiosamente e tramandati.",165,29,1,42.45,42.45
106,Copia su tela in formato uno ad uno della Sìndone: sono apprezzabili i particolari in modo molto prossimo all’osservazione diretta.,109,20,1,49.5,49.5
107,"Nella ricostruzione della storia della Sìndone, risultano per il momento ipotetici i passaggi da Gerusalemme a Edessa, oggi Sanliurfa in Turchia, e di qui a Costantinopoli e ad Atene in Grecia durante il periodo dell’Impero latino d’Oriente. ",199,37,1,43.32,43.32
108,"Mentre sono documentati con precisione quelli da Lirey, in  Francia, a Chambéry, in Savoia, e a Torino.",81,17,1,59.0,59.0
109,Nelle vetrine seguenti potrà seguire lo sviluppo di questi percorsi.,58,10,1,61.0,61.0
110,Due reliquiari settecenteschi contenenti un piccolo filo di Sìndone insieme ad altri contenenti stoffe venute a contatto con il sacro Telo.,118,21,1,47.1,47.1
111,"Nel 1506 il papa Giulio II concesse il culto pubblico della Sìndone, fissandone la memoria il 4 maggio e approvandone la messa e l’ufficio il cui testo in edizione seicentesca è esposto in questa vetrina.",162,35,1,51.29,51.29
112,"Nel 1453 l’ultima discendente di Geoffroy de Charny, Marguerite, cede la Sìndone ai Savoia.",70,14,1,60.43,60.43
113,"Relativamente al periodo più antico della storia della Sìndone, un’ipotesi che ancora oggi si sta studiando, identifica la Sìndone di Torino con il Mandylion di Edessa, un piccolo telo conosciuto sin dal IV secolo in Oriente contenente l’immagine, ritenuta impressa miracolosamente, del volto di Cristo.",251,45,1,39.89,39.89
114,Uno dei problemi storici su cui si incentra la ricerca riguarda le possibili vicende della Sìndone nel primo millennio.,100,19,1,52.16,52.16
115,"Se la Sìndone può essere identificata con il Mandylion di Edessa, allora essa sarebbe stata trasferita a Costantinopoli nel 944, e di qui, attraverso strade non chiarite, sarebbe giunta in Europa.",158,31,1,47.71,47.71
116,In questa vetrina sono esposti alcuni oggetti e documenti che potrebbero sostenere questa tesi.,81,14,1,52.57,52.57
117,"Nel 1578 Emanuele Filiberto di Savoia, dopo avere spostato il centro politico e amministrativo dello Stato da Chambéry a Torino, volle anche portare il palladio religioso della dinastia, la Sìndone.",161,30,1,45.33,45.33
118,"Il Telo compì il viaggio ripiegato più volte, dentro questa piccola cassa di legno, che anticamente doveva essere ricoperta di scaglie preziose, forse madreperla e tartaruga.",145,26,1,44.77,44.77
119,"Con la concessione del culto ufficiale della Sìndone da parte del papa Giulio II nel 1506, che ne fissò la festa il giorno 4 di maggio, la notorietà e la devozione verso la reliquia crebbero, anche in conseguenza delle ostensioni periodiche celebrate a Chambéry.",210,44,1,48.09,48.09
120,Il 600 e il 700 sono i secoli nei quali maggiormente si sviluppa la devozione alla Sìndone.,68,17,1,66.65,66.65
121,Numerose sono le raffigurazioni che vengono fatte prodotte e fatte circolare.,66,11,1,56.27,56.27
122,"Nel 1735 terminava la costruzione della chiesa della Confratèrnita del Santissimo Sudario, sovrastante questa cripta.",97,15,1,44.33,44.33
123,Tra il 500 e il 600 sono stati scritti e pubblicati più di 100 testi interamente dedicati o che comunque trattano della Sìndone.,96,23,1,60.3,60.3
124,Dalla seconda metà del 700 le ostensioni iniziano a rarefarsi.,49,10,1,70.0,70.0
125,"Nell'800, dopo il regno di Carlo Felice, le ostensioni diventano ancora più rare, e solo per matrimoni dinastici.",88,18,1,56.78,56.78
126,La Sìndone non è l’unica immagine di Cristo ad essere stata oggetto di devozione in Europa a partire dal Medioevo.,93,20,1,57.5,57.5
127,"Dalla Veronica, al Mandylion, alla Sìndone di Besançon, nei secoli sono ricordate altre venerate immagini ritenute di Cristo.",104,18,1,47.89,47.89
128,"Di tutte, l’unica che ha resistito al vaglio della critica per le sue particolari caratteristiche, è la Sìndone di Torino.",99,20,1,54.5,54.5
129,In questa vetrina può ammirare una bellissima raffigurazione della deposizione dalla croce con l’ostensione della Sìndone.,105,16,1,42.12,42.12
130,Ai lati in monocromo le insegne della Passione presentate da angeli.,57,11,1,64.45,64.45
131,Si tratta di un’opera dell’inizio del 600 dipinta su seta da Giovanni Battista Della Rovere.,72,15,1,61.0,61.0
132,"L’iconografia della sepoltura nella Sìndone, di cui ha già visto un ingrandimento.",68,12,1,57.33,57.33
133,"Lo scopo della Confratèrnita, ideatrice del Museo, è sin dalle origini quello di diffondere il culto e la conoscenza della Sìndone.",108,21,1,51.86,51.86
134,"Nella teca di vetro può osservare la preziosa cassa di legno, rivestita con lamina d’argento e tempestata di pietre dure e smalti, in cui è stata conservata, arrotolata, la Sìndone dalla fine del XVI secolo sino al 1998.",173,38,1,51.37,51.37
135,Il coperchio è in legno ricoperto di tessuto.,37,8,1,80.25,80.25
136,"Si tratta di preziosa opera di committenza sabauda, che nel tempo ha subito alcune integrazioni e modifiche che tuttavia non hanno alterato la sua impostazione originale.",143,26,1,45.54,45.54
137,"Sotto alla teca sono esposti gli accessori che servivano alla conservazione della Sìndone all’interno della cassetta, eliminati al momento in cui si è adottato il nuovo sistema di conservazione.",163,29,1,43.14,43.14
138,Sono visibili il rullo in legno rivestito di seta su cui veniva arrotolato il lenzuolo e cuscinetti che venivano inseriti tra il rullo e il tessuto.,122,26,1,53.62,53.62
139,Dal 900 a oggi sono state celebrate sette ostensioni solenni.,48,10,1,71.0,71.0
140,"La prima avvenne nel 1931, in occasione del matrimonio del futuro re Umberto II.",61,14,1,66.86,66.86
141,Nel 1933 ne seguì un'altra per celebrare l’Anno Santo della Redenzione.,54,11,1,67.18,67.18
142,Nel 1973 si tenne invece un’ostensione televisiva.,38,7,1,77.57,77.57
143,Nel 1978 l'evento ricordò il quattrocentesimo anniversario dell’arrivo della Sìndone a Torino.,76,12,1,50.67,50.67
144,L'ostensione del 1998 commemorò alcune ricorrenze della storia religiosa piemontese e il centenario della prima fotografia del Telo.,109,18,1,45.11,45.11
145,"Nel 2000 si celebrò il grande Giubileo e, infine, l'elenco si chiude con l'ostensione del 2010.",67,16,1,65.88,65.88
146,Si può vedere come la Sìndone è conservata distesa in una grande teca ad atmosfera.,68,15,1,63.67,63.67
147,La statua è stata realizzata nel 1998 dallo scultore Luigi Mattei.,51,11,1,69.91,69.91
148,In questa nicchia è esposta la macchina fotografica che appartenne all’avvocato astigiano Secondo Pia con la quale scattò il 25 e il 28 maggio 1998 le prime fotografie della Sìndone.,143,30,1,51.33,51.33
149,Si tratta di un apparecchio appositamente costruito per il Pia da un artigiano torinese al fine di eseguire fotografie di grande formato.,115,22,1,50.36,50.36
150,"Fotografia dell'altare della Sìndone in Duomo durante l'ostensione del 1998, fotografia effettuata da Secondo Pia.",92,15,1,47.67,47.67
151,Ingrandimento del volto in negativo fotografico.,42,6,1,69.0,69.0
152,In questa nicchia sono esposte alcune realizzazioni di artisti ispirate al volto dell’Uomo della Sìndone.,89,15,1,49.67,49.67
153,Si tratta di opere prodotte a partire dal 1931 sino ai giorni nostri.,52,13,1,72.08,72.08
154,"Al centro la suggestiva opera “Resurrezione” del giovane artista contemporaneo polacco Bartosz Keska di Zakopane, che coglie il momento del ritorno alla vita di Cristo, espresso dalla sagoma fortemente luminosa che si anima al di sotto del telo sindonico.",212,39,1,42.33,42.33
155,"La pubblicazione dei risultati della fotografie del Pia provocò un rinnovato interesse nei confronti della Sìndone, ma anche molte polemiche.",120,20,1,44.0,44.0
156,La Sìndone presenta due tipi di impronte: ematiche e corpòree.,51,10,1,68.0,68.0
157,"Riproduzione di un casco di rami spinosi, che rimane l'ipotesi più accreditata della corona di Spine del racconto.",94,18,1,53.44,53.44
158,Si può riconoscere la frattura del naso e un ematoma allo zigomo destro.,59,13,1,66.69,66.69
159,"Sulla fronte sono evidenti delle colature di sangue provocate da un casco di rami spinosi, come quello esposto a fianco.",99,20,1,54.5,54.5
160,"Secondo Pia, nato nel 1855 e morto nel 1941, fu uno dei più grandi fotografi dell’800.",56,16,1,72.75,72.75
161,In questa vetrina sono documentate le operazioni per la conservazione della Sìndone compiute nel giugno-luglio 2002.,95,16,1,48.38,48.38
162,Sul polso sinistro è visibile una colatura di sangue fuoriuscito da una ferita provocata dalla penetrazione di un chiodo.,102,19,1,51.11,51.11
163,"A fianco sono esposti tre chiodi settecenteschi ricostruiti a imitazione di quelli che in epoca romana venivano usati per le crocifissioni, forgiati includendo probabilmente alcuni frammenti di chiodi ritenuti originali, come dimostrano i sigilli pendenti.",219,35,1,35.0,35.0
164,Operazioni di conservazione anni 2000.,29,5,1,91.0,91.0
165,"Il 21 aprile 1988 vennero prelevati dalla Sìndone dei campioni di tessuto per essere sottoposti alla datazione con il metodo del radiocarbonio presso i laboratori di Oxford, Zurigo e Tucson.",153,30,1,48.0,48.0
166,Sono rappresentati gli  studi dell’immagine della Sìndone con l’ausilio del computer.,71,11,1,51.73,51.73
167,In questa vetrina è illustrato lo studio delle varie tracce presenti sulla Sìndone.,70,13,1,58.23,58.23
168," Alcuni segni sono dovuti a bruciature, cera e acqua.",42,9,1,75.67,75.67
169,"Altre tracce derivano dal contatto del lenzuolo con il corpo, come sangue, siero e cellule epiteliali.",84,16,1,55.25,55.25
170,"Sono inoltre analizzate le sostanze conservative utilizzate, tra cui aloe e mirra.",69,12,1,56.5,56.5
171,"Infine, viene esaminata la polvere che si è depositata sul tessuto nel corso dei secoli.",72,15,1,61.0,61.0
172,Ricostruzione di un telaio dell'epoca.,32,5,1,85.0,85.0
173,"Ricostruzione in scala di un sepolcro giudaico del I secolo, che ha per sfondo una pianta della basilica del Santo Sepolcro di Gerusalemme in epoca crociata.",130,26,1,50.54,50.54
174,Beato Sebastiano Valfrè.,21,3,1,119.0,100
175,San Francesco di Sales.,19,4,1,116.5,100
176,Papa Pio Ottavo.,13,3,1,145.67,100
177,"In questa vetrina può vedere alcuni frammenti delle stoffe che nel tempo hanno protetto la Sìndone all’interno della cassetta in cui era conservata, distribuiti come reliquia “da contatto” e corredati da autentica che ne testimonia l’effettivo contatto con la Sìndone.",223,40,1,40.75,40.75
178,"Anche alcuni oggetti venuti in contatto con il Lenzuolo, come uno degli spilli serviti per fermare la Sìndone durante l’ostensione del 1868 qui esposto, venivano conservati religiosamente e tramandati.",165,29,1,42.45,42.45
179,Copia su tela in formato uno ad uno della Sìndone: sono apprezzabili i particolari in modo molto prossimo all’osservazione diretta.,109,20,1,49.5,49.5
180,"Nella ricostruzione della storia della Sìndone, risultano per il momento ipotetici i passaggi da Gerusalemme a Edessa, oggi Sanliurfa in Turchia, e di qui a Costantinopoli e ad Atene in Grecia durante il periodo dell’Impero latino d’Oriente. ",199,37,1,43.32,43.32
181,"Mentre sono documentati con precisione quelli da Lirey, in  Francia, a Chambéry, in Savoia, e a Torino.",81,17,1,59.0,59.0
182,Nelle vetrine seguenti potrà seguire lo sviluppo di questi percorsi.,58,10,1,61.0,61.0
183,Due reliquiari settecenteschi contenenti un piccolo filo di Sìndone insieme ad altri contenenti stoffe venute a contatto con il sacro Telo.,118,21,1,47.1,47.1
184,"Nel 1506 il papa Giulio II concesse il culto pubblico della Sìndone, fissandone la memoria il 4 maggio e approvandone la messa e l’ufficio il cui testo in edizione seicentesca è esposto in questa vetrina.",162,35,1,51.29,51.29
185,"Nel 1453 l’ultima discendente di Geoffroy de Charny, Marguerite, cede la Sìndone ai Savoia.",70,14,1,60.43,60.43
186,"Relativamente al periodo più antico della storia della Sìndone, un’ipotesi che ancora oggi si sta studiando, identifica la Sìndone di Torino con il Mandylion di Edessa, un piccolo telo conosciuto sin dal IV secolo in Oriente contenente l’immagine, ritenuta impressa miracolosamente, del volto di Cristo.",251,45,1,39.89,39.89
187,Uno dei problemi storici su cui si incentra la ricerca riguarda le possibili vicende della Sìndone nel primo millennio.,100,19,1,52.16,52.16
188,"Se la Sìndone può essere identificata con il Mandylion di Edessa, allora essa sarebbe stata trasferita a Costantinopoli nel 944, e di qui, attraverso strade non chiarite, sarebbe giunta in Europa.",158,31,1,47.71,47.71
189,In questa vetrina sono esposti alcuni oggetti e documenti che potrebbero sostenere questa tesi.,81,14,1,52.57,52.57
190,"Nel 1578 Emanuele Filiberto di Savoia, dopo avere spostato il centro politico e amministrativo dello Stato da Chambéry a Torino, volle anche portare il palladio religioso della dinastia, la Sìndone.",161,30,1,45.33,45.33
191,"Il Telo compì il viaggio ripiegato più volte, dentro questa piccola cassa di legno, che anticamente doveva essere ricoperta di scaglie preziose, forse madreperla e tartaruga.",145,26,1,44.77,44.77
192,"Con la concessione del culto ufficiale della Sìndone da parte del papa Giulio II nel 1506, che ne fissò la festa il giorno 4 di maggio, la notorietà e la devozione verso la reliquia crebbero, anche in conseguenza delle ostensioni periodiche celebrate a Chambéry.",210,44,1,48.09,48.09
193,Il 600 e il 700 sono i secoli nei quali maggiormente si sviluppa la devozione alla Sìndone.,68,17,1,66.65,66.65
194,Numerose sono le raffigurazioni che vengono fatte prodotte e fatte circolare.,66,11,1,56.27,56.27
195,"Nel 1735 terminava la costruzione della chiesa della Confratèrnita del Santissimo Sudario, sovrastante questa cripta.",97,15,1,44.33,44.33
196,Tra il 500 e il 600 sono stati scritti e pubblicati più di 100 testi interamente dedicati o che comunque trattano della Sìndone.,96,23,1,60.3,60.3
197,Dalla seconda metà del 700 le ostensioni iniziano a rarefarsi.,49,10,1,70.0,70.0
198,"Nell'800, dopo il regno di Carlo Felice, le ostensioni diventano ancora più rare, e solo per matrimoni dinastici.",88,18,1,56.78,56.78
199,La Sìndone non è l’unica immagine di Cristo ad essere stata oggetto di devozione in Europa a partire dal Medioevo.,93,20,1,57.5,57.5
200,"Dalla Veronica, al Mandylion, alla Sìndone di Besançon, nei secoli sono ricordate altre venerate immagini ritenute di Cristo.",104,18,1,47.89,47.89
201,"Di tutte, l’unica che ha resistito al vaglio della critica per le sue particolari caratteristiche, è la Sìndone di Torino.",99,20,1,54.5,54.5
202,In questa vetrina può ammirare una bellissima raffigurazione della deposizione dalla croce con l’ostensione della Sìndone.,105,16,1,42.12,42.12
203,Ai lati in monocromo le insegne della Passione presentate da angeli.,57,11,1,64.45,64.45
204,Si tratta di un’opera dell’inizio del 600 dipinta su seta da Giovanni Battista Della Rovere.,72,15,1,61.0,61.0
205,"L’iconografia della sepoltura nella Sìndone, di cui ha già visto un ingrandimento.",68,12,1,57.33,57.33
206,"Lo scopo della Confratèrnita, ideatrice del Museo, è sin dalle origini quello di diffondere il culto e la conoscenza della Sìndone.",108,21,1,51.86,51.86
207,"Nella teca di vetro può osservare la preziosa cassa di legno, rivestita con lamina d’argento e tempestata di pietre dure e smalti, in cui è stata conservata, arrotolata, la Sìndone dalla fine del XVI secolo sino al 1998.",173,38,1,51.37,51.37
208,Il coperchio è in legno ricoperto di tessuto.,37,8,1,80.25,80.25
209,"Si tratta di preziosa opera di committenza sabauda, che nel tempo ha subito alcune integrazioni e modifiche che tuttavia non hanno alterato la sua impostazione originale.",143,26,1,45.54,45.54
210,"Sotto alla teca sono esposti gli accessori che servivano alla conservazione della Sìndone all’interno della cassetta, eliminati al momento in cui si è adottato il nuovo sistema di conservazione.",163,29,1,43.14,43.14
211,Sono visibili il rullo in legno rivestito di seta su cui veniva arrotolato il lenzuolo e cuscinetti che venivano inseriti tra il rullo e il tessuto.,122,26,1,53.62,53.62
212,Dal 900 a oggi sono state celebrate sette ostensioni solenni.,48,10,1,71.0,71.0
213,"La prima avvenne nel 1931, in occasione del matrimonio del futuro re Umberto II.",61,14,1,66.86,66.86
214,Nel 1933 ne seguì un'altra per celebrare l’Anno Santo della Redenzione.,54,11,1,67.18,67.18
215,Nel 1973 si tenne invece un’ostensione televisiva.,38,7,1,77.57,77.57
216,Nel 1978 l'evento ricordò il quattrocentesimo anniversario dell’arrivo della Sìndone a Torino.,76,12,1,50.67,50.67
217,L'ostensione del 1998 commemorò alcune ricorrenze della storia religiosa piemontese e il centenario della prima fotografia del Telo.,109,18,1,45.11,45.11
218,"Nel 2000 si celebrò il grande Giubileo e, infine, l'elenco si chiude con l'ostensione del 2010.",67,16,1,65.88,65.88
219,Si può vedere come la Sìndone è conservata distesa in una grande teca ad atmosfera.,68,15,1,63.67,63.67
220,La statua è stata realizzata nel 1998 dallo scultore Luigi Mattei.,51,11,1,69.91,69.91
221,In questa nicchia è esposta la macchina fotografica che appartenne all’avvocato astigiano Secondo Pia con la quale scattò il 25 e il 28 maggio 1998 le prime fotografie della Sìndone.,143,30,1,51.33,51.33
222,Si tratta di un apparecchio appositamente costruito per il Pia da un artigiano torinese al fine di eseguire fotografie di grande formato.,115,22,1,50.36,50.36
223,"Fotografia dell'altare della Sìndone in Duomo durante l'ostensione del 1998, fotografia effettuata da Secondo Pia.",92,15,1,47.67,47.67
224,Ingrandimento del volto in negativo fotografico.,42,6,1,69.0,69.0
225,In questa nicchia sono esposte alcune realizzazioni di artisti ispirate al volto dell’Uomo della Sìndone.,89,15,1,49.67,49.67
226,Si tratta di opere prodotte a partire dal 1931 sino ai giorni nostri.,52,13,1,72.08,72.08
227,"Al centro la suggestiva opera “Resurrezione” del giovane artista contemporaneo polacco Bartosz Keska di Zakopane, che coglie il momento del ritorno alla vita di Cristo, espresso dalla sagoma fortemente luminosa che si anima al di sotto del telo sindonico.",212,39,1,42.33,42.33
228,"La pubblicazione dei risultati della fotografie del Pia provocò un rinnovato interesse nei confronti della Sìndone, ma anche molte polemiche.",120,20,1,44.0,44.0
229,La Sìndone presenta due tipi di impronte: ematiche e corpòree.,51,10,1,68.0,68.0
230,"Riproduzione di un casco di rami spinosi, che rimane l'ipotesi più accreditata della corona di Spine del racconto.",94,18,1,53.44,53.44
231,Si può riconoscere la frattura del naso e un ematoma allo zigomo destro.,59,13,1,66.69,66.69
232,"Sulla fronte sono evidenti delle colature di sangue provocate da un casco di rami spinosi, come quello esposto a fianco.",99,20,1,54.5,54.5
233,"Secondo Pia, nato nel 1855 e morto nel 1941, fu uno dei più grandi fotografi dell’800.",56,16,1,72.75,72.75
234,In questa vetrina sono documentate le operazioni per la conservazione della Sìndone compiute nel giugno-luglio 2002.,95,16,1,48.38,48.38
235,Sul polso sinistro è visibile una colatura di sangue fuoriuscito da una ferita provocata dalla penetrazione di un chiodo.,102,19,1,51.11,51.11
236,"A fianco sono esposti tre chiodi settecenteschi ricostruiti a imitazione di quelli che in epoca romana venivano usati per le crocifissioni, forgiati includendo probabilmente alcuni frammenti di chiodi ritenuti originali, come dimostrano i sigilli pendenti.",219,35,1,35.0,35.0
237,Operazioni di conservazione anni 2000.,29,5,1,91.0,91.0
238,"Il 21 aprile 1988 vennero prelevati dalla Sìndone dei campioni di tessuto per essere sottoposti alla datazione con il metodo del radiocarbonio presso i laboratori di Oxford, Zurigo e Tucson.",153,30,1,48.0,48.0
239,Sono rappresentati gli  studi dell’immagine della Sìndone con l’ausilio del computer.,71,11,1,51.73,51.73
240,In questa vetrina è illustrato lo studio delle varie tracce presenti sulla Sìndone.,70,13,1,58.23,58.23
241," Alcuni segni sono dovuti a bruciature, cera e acqua.",42,9,1,75.67,75.67
242,"Altre tracce derivano dal contatto del lenzuolo con il corpo, come sangue, siero e cellule epiteliali.",84,16,1,55.25,55.25
243,"Sono inoltre analizzate le sostanze conservative utilizzate, tra cui aloe e mirra.",69,12,1,56.5,56.5
244,"Infine, viene esaminata la polvere che si è depositata sul tessuto nel corso dei secoli.",72,15,1,61.0,61.0
245,Ricostruzione di un telaio dell'epoca.,32,5,1,85.0,85.0
246,"Ricostruzione in scala di un sepolcro giudaico del I secolo, che ha per sfondo una pianta della basilica del Santo Sepolcro di Gerusalemme in epoca crociata.",130,26,1,50.54,50.54
247,Beato Sebastiano Valfrè.,21,3,1,119.0,100
248,San Francesco di Sales.,19,4,1,116.5,100
249,Papa Pio Ottavo.,13,3,1,145.67,100
250,"In questa vetrina può vedere alcuni frammenti delle stoffe che nel tempo hanno protetto la Sìndone all’interno della cassetta in cui era conservata, distribuiti come reliquia “da contatto” e corredati da autentica che ne testimonia l’effettivo contatto con la Sìndone.",223,40,1,40.75,40.75
251,"Anche alcuni oggetti venuti in contatto con il Lenzuolo, come uno degli spilli serviti per fermare la Sìndone durante l’ostensione del 1868 qui esposto, venivano conservati religiosamente e tramandati.",165,29,1,42.45,42.45
252,Copia su tela in formato uno ad uno della Sìndone: sono apprezzabili i particolari in modo molto prossimo all’osservazione diretta.,109,20,1,49.5,49.5
253,"Nella ricostruzione della storia della Sìndone, risultano per il momento ipotetici i passaggi da Gerusalemme a Edessa, oggi Sanliurfa in Turchia, e di qui a Costantinopoli e ad Atene in Grecia durante il periodo dell’Impero latino d’Oriente. ",199,37,1,43.32,43.32
254,"Mentre sono documentati con precisione quelli da Lirey, in  Francia, a Chambéry, in Savoia, e a Torino.",81,17,1,59.0,59.0
255,Nelle vetrine seguenti potrà seguire lo sviluppo di questi percorsi.,58,10,1,61.0,61.0
256,Due reliquiari settecenteschi contenenti un piccolo filo di Sìndone insieme ad altri contenenti stoffe venute a contatto con il sacro Telo.,118,21,1,47.1,47.1
257,"Nel 1506 il papa Giulio II concesse il culto pubblico della Sìndone, fissandone la memoria il 4 maggio e approvandone la messa e l’ufficio il cui testo in edizione seicentesca è esposto in questa vetrina.",162,35,1,51.29,51.29
258,"Nel 1453 l’ultima discendente di Geoffroy de Charny, Marguerite, cede la Sìndone ai Savoia.",70,14,1,60.43,60.43
259,"Relativamente al periodo più antico della storia della Sìndone, un’ipotesi che ancora oggi si sta studiando, identifica la Sìndone di Torino con il Mandylion di Edessa, un piccolo telo conosciuto sin dal IV secolo in Oriente contenente l’immagine, ritenuta impressa miracolosamente, del volto di Cristo.",251,45,1,39.89,39.89
260,Uno dei problemi storici su cui si incentra la ricerca riguarda le possibili vicende della Sìndone nel primo millennio.,100,19,1,52.16,52.16
261,"Se la Sìndone può essere identificata con il Mandylion di Edessa, allora essa sarebbe stata trasferita a Costantinopoli nel 944, e di qui, attraverso strade non chiarite, sarebbe giunta in Europa.",158,31,1,47.71,47.71
262,In questa vetrina sono esposti alcuni oggetti e documenti che potrebbero sostenere questa tesi.,81,14,1,52.57,52.57
263,"Nel 1578 Emanuele Filiberto di Savoia, dopo avere spostato il centro politico e amministrativo dello Stato da Chambéry a Torino, volle anche portare il palladio religioso della dinastia, la Sìndone.",161,30,1,45.33,45.33
264,"Il Telo compì il viaggio ripiegato più volte, dentro questa piccola cassa di legno, che anticamente doveva essere ricoperta di scaglie preziose, forse madreperla e tartaruga.",145,26,1,44.77,44.77
265,"Con la concessione del culto ufficiale della Sìndone da parte del papa Giulio II nel 1506, che ne fissò la festa il giorno 4 di maggio, la notorietà e la devozione verso la reliquia crebbero, anche in conseguenza delle ostensioni periodiche celebrate a Chambéry.",210,44,1,48.09,48.09
266,Il 600 e il 700 sono i secoli nei quali maggiormente si sviluppa la devozione alla Sìndone.,68,17,1,66.65,66.65
267,Numerose sono le raffigurazioni che vengono fatte prodotte e fatte circolare.,66,11,1,56.27,56.27
268,"Nel 1735 terminava la costruzione della chiesa della Confratèrnita del Santissimo Sudario, sovrastante questa cripta.",97,15,1,44.33,44.33
269,Tra il 500 e il 600 sono stati scritti e pubblicati più di 100 testi interamente dedicati o che comunque trattano della Sìndone.,96,23,1,60.3,60.3
270,Dalla seconda metà del 700 le ostensioni iniziano a rarefarsi.,49,10,1,70.0,70.0
271,"Nell'800, dopo il regno di Carlo Felice, le ostensioni diventano ancora più rare, e solo per matrimoni dinastici.",88,18,1,56.78,56.78
272,La Sìndone non è l’unica immagine di Cristo ad essere stata oggetto di devozione in Europa a partire dal Medioevo.,93,20,1,57.5,57.5
273,"Dalla Veronica, al Mandylion, alla Sìndone di Besançon, nei secoli sono ricordate altre venerate immagini ritenute di Cristo.",104,18,1,47.89,47.89
274,"Di tutte, l’unica che ha resistito al vaglio della critica per le sue particolari caratteristiche, è la Sìndone di Torino.",99,20,1,54.5,54.5
275,In questa vetrina può ammirare una bellissima raffigurazione della deposizione dalla croce con l’ostensione della Sìndone.,105,16,1,42.12,42.12
276,Ai lati in monocromo le insegne della Passione presentate da angeli.,57,11,1,64.45,64.45
277,Si tratta di un’opera dell’inizio del 600 dipinta su seta da Giovanni Battista Della Rovere.,72,15,1,61.0,61.0
278,"L’iconografia della sepoltura nella Sìndone, di cui ha già visto un ingrandimento.",68,12,1,57.33,57.33
279,"Lo scopo della Confratèrnita, ideatrice del Museo, è sin dalle origini quello di diffondere il culto e la conoscenza della Sìndone.",108,21,1,51.86,51.86
280,"Nella teca di vetro può osservare la preziosa cassa di legno, rivestita con lamina d’argento e tempestata di pietre dure e smalti, in cui è stata conservata, arrotolata, la Sìndone dalla fine del XVI secolo sino al 1998.",173,38,1,51.37,51.37
281,Il coperchio è in legno ricoperto di tessuto.,37,8,1,80.25,80.25
282,"Si tratta di preziosa opera di committenza sabauda, che nel tempo ha subito alcune integrazioni e modifiche che tuttavia non hanno alterato la sua impostazione originale.",143,26,1,45.54,45.54
283,"Sotto alla teca sono esposti gli accessori che servivano alla conservazione della Sìndone all’interno della cassetta, eliminati al momento in cui si è adottato il nuovo sistema di conservazione.",163,29,1,43.14,43.14
284,Sono visibili il rullo in legno rivestito di seta su cui veniva arrotolato il lenzuolo e cuscinetti che venivano inseriti tra il rullo e il tessuto.,122,26,1,53.62,53.62
285,Dal 900 a oggi sono state celebrate sette ostensioni solenni.,48,10,1,71.0,71.0
286,"La prima avvenne nel 1931, in occasione del matrimonio del futuro re Umberto II.",61,14,1,66.86,66.86
287,Nel 1933 ne seguì un'altra per celebrare l’Anno Santo della Redenzione.,54,11,1,67.18,67.18
288,Nel 1973 si tenne invece un’ostensione televisiva.,38,7,1,77.57,77.57
289,Nel 1978 l'evento ricordò il quattrocentesimo anniversario dell’arrivo della Sìndone a Torino.,76,12,1,50.67,50.67
290,L'ostensione del 1998 commemorò alcune ricorrenze della storia religiosa piemontese e il centenario della prima fotografia del Telo.,109,18,1,45.11,45.11
291,"Nel 2000 si celebrò il grande Giubileo e, infine, l'elenco si chiude con l'ostensione del 2010.",67,16,1,65.88,65.88
292,Si può vedere come la Sìndone è conservata distesa in una grande teca ad atmosfera.,68,15,1,63.67,63.67
293,La statua è stata realizzata nel 1998 dallo scultore Luigi Mattei.,51,11,1,69.91,69.91
294,In questa nicchia è esposta la macchina fotografica che appartenne all’avvocato astigiano Secondo Pia con la quale scattò il 25 e il 28 maggio 1998 le prime fotografie della Sìndone.,143,30,1,51.33,51.33
295,Si tratta di un apparecchio appositamente costruito per il Pia da un artigiano torinese al fine di eseguire fotografie di grande formato.,115,22,1,50.36,50.36
296,"Fotografia dell'altare della Sìndone in Duomo durante l'ostensione del 1998, fotografia effettuata da Secondo Pia.",92,15,1,47.67,47.67
297,Ingrandimento del volto in negativo fotografico.,42,6,1,69.0,69.0
298,In questa nicchia sono esposte alcune realizzazioni di artisti ispirate al volto dell’Uomo della Sìndone.,89,15,1,49.67,49.67
299,Si tratta di opere prodotte a partire dal 1931 sino ai giorni nostri.,52,13,1,72.08,72.08
300,"Al centro la suggestiva opera “Resurrezione” del giovane artista contemporaneo polacco Bartosz Keska di Zakopane, che coglie il momento del ritorno alla vita di Cristo, espresso dalla sagoma fortemente luminosa che si anima al di sotto del telo sindonico.",212,39,1,42.33,42.33
301,"La pubblicazione dei risultati della fotografie del Pia provocò un rinnovato interesse nei confronti della Sìndone, ma anche molte polemiche.",120,20,1,44.0,44.0
302,La Sìndone presenta due tipi di impronte: ematiche e corpòree.,51,10,1,68.0,68.0
303,"Riproduzione di un casco di rami spinosi, che rimane l'ipotesi più accreditata della corona di Spine del racconto.",94,18,1,53.44,53.44
304,Si può riconoscere la frattura del naso e un ematoma allo zigomo destro.,59,13,1,66.69,66.69
305,"Sulla fronte sono evidenti delle colature di sangue provocate da un casco di rami spinosi, come quello esposto a fianco.",99,20,1,54.5,54.5
306,"Secondo Pia, nato nel 1855 e morto nel 1941, fu uno dei più grandi fotografi dell’800.",56,16,1,72.75,72.75
307,In questa vetrina sono documentate le operazioni per la conservazione della Sìndone compiute nel giugno-luglio 2002.,95,16,1,48.38,48.38
308,Sul polso sinistro è visibile una colatura di sangue fuoriuscito da una ferita provocata dalla penetrazione di un chiodo.,102,19,1,51.11,51.11
309,"A fianco sono esposti tre chiodi settecenteschi ricostruiti a imitazione di quelli che in epoca romana venivano usati per le crocifissioni, forgiati includendo probabilmente alcuni frammenti di chiodi ritenuti originali, come dimostrano i sigilli pendenti.",219,35,1,35.0,35.0
310,Operazioni di conservazione anni 2000.,29,5,1,91.0,91.0
311,"Il 21 aprile 1988 vennero prelevati dalla Sìndone dei campioni di tessuto per essere sottoposti alla datazione con il metodo del radiocarbonio presso i laboratori di Oxford, Zurigo e Tucson.",153,30,1,48.0,48.0
312,Sono rappresentati gli  studi dell’immagine della Sìndone con l’ausilio del computer.,71,11,1,51.73,51.73
313,In questa vetrina è illustrato lo studio delle varie tracce presenti sulla Sìndone.,70,13,1,58.23,58.23
314," Alcuni segni sono dovuti a bruciature, cera e acqua.",42,9,1,75.67,75.67
315,"Altre tracce derivano dal contatto del lenzuolo con il corpo, come sangue, siero e cellule epiteliali.",84,16,1,55.25,55.25
316,"Sono inoltre analizzate le sostanze conservative utilizzate, tra cui aloe e mirra.",69,12,1,56.5,56.5
317,"Infine, viene esaminata la polvere che si è depositata sul tessuto nel corso dei secoli.",72,15,1,61.0,61.0
318,Ricostruzione di un telaio dell'epoca.,32,5,1,85.0,85.0
319,"Ricostruzione in scala di un sepolcro giudaico del I secolo, che ha per sfondo una pianta della basilica del Santo Sepolcro di Gerusalemme in epoca crociata.",130,26,1,50.54,50.54
320,Beato Sebastiano Valfrè.,21,3,1,119.0,100
321,San Francesco di Sales.,19,4,1,116.5,100
322,Papa Pio Ottavo.,13,3,1,145.67,100
323,"In questa vetrina può vedere alcuni frammenti delle stoffe che nel tempo hanno protetto la Sìndone all’interno della cassetta in cui era conservata, distribuiti come reliquia “da contatto” e corredati da autentica che ne testimonia l’effettivo contatto con la Sìndone.",223,40,1,40.75,40.75
324,"Anche alcuni oggetti venuti in contatto con il Lenzuolo, come uno degli spilli serviti per fermare la Sìndone durante l’ostensione del 1868 qui esposto, venivano conservati religiosamente e tramandati.",165,29,1,42.45,42.45
325,Copia su tela in formato uno ad uno della Sìndone: sono apprezzabili i particolari in modo molto prossimo all’osservazione diretta.,109,20,1,49.5,49.5
326,"Nella ricostruzione della storia della Sìndone, risultano per il momento ipotetici i passaggi da Gerusalemme a Edessa, oggi Sanliurfa in Turchia, e di qui a Costantinopoli e ad Atene in Grecia durante il periodo dell’Impero latino d’Oriente. ",199,37,1,43.32,43.32
327,"Mentre sono documentati con precisione quelli da Lirey, in  Francia, a Chambéry, in Savoia, e a Torino.",81,17,1,59.0,59.0
328,Nelle vetrine seguenti potrà seguire lo sviluppo di questi percorsi.,58,10,1,61.0,61.0
329,Due reliquiari settecenteschi contenenti un piccolo filo di Sìndone insieme ad altri contenenti stoffe venute a contatto con il sacro Telo.,118,21,1,47.1,47.1
330,"Nel 1506 il papa Giulio II concesse il culto pubblico della Sìndone, fissandone la memoria il 4 maggio e approvandone la messa e l’ufficio il cui testo in edizione seicentesca è esposto in questa vetrina.",162,35,1,51.29,51.29
331,"Nel 1453 l’ultima discendente di Geoffroy de Charny, Marguerite, cede la Sìndone ai Savoia.",70,14,1,60.43,60.43
332,"Relativamente al periodo più antico della storia della Sìndone, un’ipotesi che ancora oggi si sta studiando, identifica la Sìndone di Torino con il Mandylion di Edessa, un piccolo telo conosciuto sin dal IV secolo in Oriente contenente l’immagine, ritenuta impressa miracolosamente, del volto di Cristo.",251,45,1,39.89,39.89
333,Uno dei problemi storici su cui si incentra la ricerca riguarda le possibili vicende della Sìndone nel primo millennio.,100,19,1,52.16,52.16
334,"Se la Sìndone può essere identificata con il Mandylion di Edessa, allora essa sarebbe stata trasferita a Costantinopoli nel 944, e di qui, attraverso strade non chiarite, sarebbe giunta in Europa.",158,31,1,47.71,47.71
335,In questa vetrina sono esposti alcuni oggetti e documenti che potrebbero sostenere questa tesi.,81,14,1,52.57,52.57
336,"Nel 1578 Emanuele Filiberto di Savoia, dopo avere spostato il centro politico e amministrativo dello Stato da Chambéry a Torino, volle anche portare il palladio religioso della dinastia, la Sìndone.",161,30,1,45.33,45.33
337,"Il Telo compì il viaggio ripiegato più volte, dentro questa piccola cassa di legno, che anticamente doveva essere ricoperta di scaglie preziose, forse madreperla e tartaruga.",145,26,1,44.77,44.77
338,"Con la concessione del culto ufficiale della Sìndone da parte del papa Giulio II nel 1506, che ne fissò la festa il giorno 4 di maggio, la notorietà e la devozione verso la reliquia crebbero, anche in conseguenza delle ostensioni periodiche celebrate a Chambéry.",210,44,1,48.09,48.09
339,Il 600 e il 700 sono i secoli nei quali maggiormente si sviluppa la devozione alla Sìndone.,68,17,1,66.65,66.65
340,Numerose sono le raffigurazioni che vengono fatte prodotte e fatte circolare.,66,11,1,56.27,56.27
341,"Nel 1735 terminava la costruzione della chiesa della Confratèrnita del Santissimo Sudario, sovrastante questa cripta.",97,15,1,44.33,44.33
342,Tra il 500 e il 600 sono stati scritti e pubblicati più di 100 testi interamente dedicati o che comunque trattano della Sìndone.,96,23,1,60.3,60.3
343,Dalla seconda metà del 700 le ostensioni iniziano a rarefarsi.,49,10,1,70.0,70.0
344,"Nell'800, dopo il regno di Carlo Felice, le ostensioni diventano ancora più rare, e solo per matrimoni dinastici.",88,18,1,56.78,56.78
345,La Sìndone non è l’unica immagine di Cristo ad essere stata oggetto di devozione in Europa a partire dal Medioevo.,93,20,1,57.5,57.5
346,"Dalla Veronica, al Mandylion, alla Sìndone di Besançon, nei secoli sono ricordate altre venerate immagini ritenute di Cristo.",104,18,1,47.89,47.89
347,"Di tutte, l’unica che ha resistito al vaglio della critica per le sue particolari caratteristiche, è la Sìndone di Torino.",99,20,1,54.5,54.5
348,In questa vetrina può ammirare una bellissima raffigurazione della deposizione dalla croce con l’ostensione della Sìndone.,105,16,1,42.12,42.12
349,Ai lati in monocromo le insegne della Passione presentate da angeli.,57,11,1,64.45,64.45
350,Si tratta di un’opera dell’inizio del 600 dipinta su seta da Giovanni Battista Della Rovere.,72,15,1,61.0,61.0
351,"L’iconografia della sepoltura nella Sìndone, di cui ha già visto un ingrandimento.",68,12,1,57.33,57.33
352,"Lo scopo della Confratèrnita, ideatrice del Museo, è sin dalle origini quello di diffondere il culto e la conoscenza della Sìndone.",108,21,1,51.86,51.86
353,"Nella teca di vetro può osservare la preziosa cassa di legno, rivestita con lamina d’argento e tempestata di pietre dure e smalti, in cui è stata conservata, arrotolata, la Sìndone dalla fine del XVI secolo sino al 1998.",173,38,1,51.37,51.37
354,Il coperchio è in legno ricoperto di tessuto.,37,8,1,80.25,80.25
355,"Si tratta di preziosa opera di committenza sabauda, che nel tempo ha subito alcune integrazioni e modifiche che tuttavia non hanno alterato la sua impostazione originale.",143,26,1,45.54,45.54
356,"Sotto alla teca sono esposti gli accessori che servivano alla conservazione della Sìndone all’interno della cassetta, eliminati al momento in cui si è adottato il nuovo sistema di conservazione.",163,29,1,43.14,43.14
357,Sono visibili il rullo in legno rivestito di seta su cui veniva arrotolato il lenzuolo e cuscinetti che venivano inseriti tra il rullo e il tessuto.,122,26,1,53.62,53.62
358,Dal 900 a oggi sono state celebrate sette ostensioni solenni.,48,10,1,71.0,71.0
359,"La prima avvenne nel 1931, in occasione del matrimonio del futuro re Umberto II.",61,14,1,66.86,66.86
360,Nel 1933 ne seguì un'altra per celebrare l’Anno Santo della Redenzione.,54,11,1,67.18,67.18
361,Nel 1973 si tenne invece un’ostensione televisiva.,38,7,1,77.57,77.57
362,Nel 1978 l'evento ricordò il quattrocentesimo anniversario dell’arrivo della Sìndone a Torino.,76,12,1,50.67,50.67
363,L'ostensione del 1998 commemorò alcune ricorrenze della storia religiosa piemontese e il centenario della prima fotografia del Telo.,109,18,1,45.11,45.11
364,"Nel 2000 si celebrò il grande Giubileo e, infine, l'elenco si chiude con l'ostensione del 2010.",67,16,1,65.88,65.88
365,Si può vedere come la Sìndone è conservata distesa in una grande teca ad atmosfera.,68,15,1,63.67,63.67
366,La statua è stata realizzata nel 1998 dallo scultore Luigi Mattei.,51,11,1,69.91,69.91
367,In questa nicchia è esposta la macchina fotografica che appartenne all’avvocato astigiano Secondo Pia con la quale scattò il 25 e il 28 maggio 1998 le prime fotografie della Sìndone.,143,30,1,51.33,51.33
368,Si tratta di un apparecchio appositamente costruito per il Pia da un artigiano torinese al fine di eseguire fotografie di grande formato.,115,22,1,50.36,50.36
369,"Fotografia dell'altare della Sìndone in Duomo durante l'ostensione del 1998, fotografia effettuata da Secondo Pia.",92,15,1,47.67,47.67
370,Ingrandimento del volto in negativo fotografico.,42,6,1,69.0,69.0
371,In questa nicchia sono esposte alcune realizzazioni di artisti ispirate al volto dell’Uomo della Sìndone.,89,15,1,49.67,49.67
372,Si tratta di opere prodotte a partire dal 1931 sino ai giorni nostri.,52,13,1,72.08,72.08
373,"Al centro la suggestiva opera “Resurrezione” del giovane artista contemporaneo polacco Bartosz Keska di Zakopane, che coglie il momento del ritorno alla vita di Cristo, espresso dalla sagoma fortemente luminosa che si anima al di sotto del telo sindonico.",212,39,1,42.33,42.33
374,"La pubblicazione dei risultati della fotografie del Pia provocò un rinnovato interesse nei confronti della Sìndone, ma anche molte polemiche.",120,20,1,44.0,44.0
375,La Sìndone presenta due tipi di impronte: ematiche e corpòree.,51,10,1,68.0,68.0
376,"Riproduzione di un casco di rami spinosi, che rimane l'ipotesi più accreditata della corona di Spine del racconto.",94,18,1,53.44,53.44
377,Si può riconoscere la frattura del naso e un ematoma allo zigomo destro.,59,13,1,66.69,66.69
378,"Sulla fronte sono evidenti delle colature di sangue provocate da un casco di rami spinosi, come quello esposto a fianco.",99,20,1,54.5,54.5
379,"Secondo Pia, nato nel 1855 e morto nel 1941, fu uno dei più grandi fotografi dell’800.",56,16,1,72.75,72.75
380,In questa vetrina sono documentate le operazioni per la conservazione della Sìndone compiute nel giugno-luglio 2002.,95,16,1,48.38,48.38
381,Sul polso sinistro è visibile una colatura di sangue fuoriuscito da una ferita provocata dalla penetrazione di un chiodo.,102,19,1,51.11,51.11
382,"A fianco sono esposti tre chiodi settecenteschi ricostruiti a imitazione di quelli che in epoca romana venivano usati per le crocifissioni, forgiati includendo probabilmente alcuni frammenti di chiodi ritenuti originali, come dimostrano i sigilli pendenti.",219,35,1,35.0,35.0
383,Operazioni di conservazione anni 2000.,29,5,1,91.0,91.0
384,"Il 21 aprile 1988 vennero prelevati dalla Sìndone dei campioni di tessuto per essere sottoposti alla datazione con il metodo del radiocarbonio presso i laboratori di Oxford, Zurigo e Tucson.",153,30,1,48.0,48.0
385,Sono rappresentati gli  studi dell’immagine della Sìndone con l’ausilio del computer.,71,11,1,51.73,51.73
386,In questa vetrina è illustrato lo studio delle varie tracce presenti sulla Sìndone.,70,13,1,58.23,58.23
387," Alcuni segni sono dovuti a bruciature, cera e acqua.",42,9,1,75.67,75.67
388,"Altre tracce derivano dal contatto del lenzuolo con il corpo, come sangue, siero e cellule epiteliali.",84,16,1,55.25,55.25
389,"Sono inoltre analizzate le sostanze conservative utilizzate, tra cui aloe e mirra.",69,12,1,56.5,56.5
390,"Infine, viene esaminata la polvere che si è depositata sul tessuto nel corso dei secoli.",72,15,1,61.0,61.0
391,Ricostruzione di un telaio dell'epoca.,32,5,1,85.0,85.0
392,"Ricostruzione in scala di un sepolcro giudaico del I secolo, che ha per sfondo una pianta della basilica del Santo Sepolcro di Gerusalemme in epoca crociata.",130,26,1,50.54,50.54
393,Beato Sebastiano Valfrè.,21,3,1,119.0,100
394,San Francesco di Sales.,19,4,1,116.5,100
395,Papa Pio Ottavo.,13,3,1,145.67,100
396,"In questa vetrina può vedere alcuni frammenti delle stoffe che nel tempo hanno protetto la Sìndone all’interno della cassetta in cui era conservata, distribuiti come reliquia “da contatto” e corredati da autentica che ne testimonia l’effettivo contatto con la Sìndone.",223,40,1,40.75,40.75
397,"Anche alcuni oggetti venuti in contatto con il Lenzuolo, come uno degli spilli serviti per fermare la Sìndone durante l’ostensione del 1868 qui esposto, venivano conservati religiosamente e tramandati.",165,29,1,42.45,42.45
398,Copia su tela in formato uno ad uno della Sìndone: sono apprezzabili i particolari in modo molto prossimo all’osservazione diretta.,109,20,1,49.5,49.5
399,"Nella ricostruzione della storia della Sìndone, risultano per il momento ipotetici i passaggi da Gerusalemme a Edessa, oggi Sanliurfa in Turchia, e di qui a Costantinopoli e ad Atene in Grecia durante il periodo dell’Impero latino d’Oriente. ",199,37,1,43.32,43.32
400,"Mentre sono documentati con precisione quelli da Lirey, in  Francia, a Chambéry, in Savoia, e a Torino.",81,17,1,59.0,59.0
401,Nelle vetrine seguenti potrà seguire lo sviluppo di questi percorsi.,58,10,1,61.0,61.0
402,Due reliquiari settecenteschi contenenti un piccolo filo di Sìndone insieme ad altri contenenti stoffe venute a contatto con il sacro Telo.,118,21,1,47.1,47.1
403,"Nel 1506 il papa Giulio II concesse il culto pubblico della Sìndone, fissandone la memoria il 4 maggio e approvandone la messa e l’ufficio il cui testo in edizione seicentesca è esposto in questa vetrina.",162,35,1,51.29,51.29
404,"Nel 1453 l’ultima discendente di Geoffroy de Charny, Marguerite, cede la Sìndone ai Savoia.",70,14,1,60.43,60.43
405,"Relativamente al periodo più antico della storia della Sìndone, un’ipotesi che ancora oggi si sta studiando, identifica la Sìndone di Torino con il Mandylion di Edessa, un piccolo telo conosciuto sin dal IV secolo in Oriente contenente l’immagine, ritenuta impressa miracolosamente, del volto di Cristo.",251,45,1,39.89,39.89
406,Uno dei problemi storici su cui si incentra la ricerca riguarda le possibili vicende della Sìndone nel primo millennio.,100,19,1,52.16,52.16
407,"Se la Sìndone può essere identificata con il Mandylion di Edessa, allora essa sarebbe stata trasferita a Costantinopoli nel 944, e di qui, attraverso strade non chiarite, sarebbe giunta in Europa.",158,31,1,47.71,47.71
408,In questa vetrina sono esposti alcuni oggetti e documenti che potrebbero sostenere questa tesi.,81,14,1,52.57,52.57
409,"Nel 1578 Emanuele Filiberto di Savoia, dopo avere spostato il centro politico e amministrativo dello Stato da Chambéry a Torino, volle anche portare il palladio religioso della dinastia, la Sìndone.",161,30,1,45.33,45.33
410,"Il Telo compì il viaggio ripiegato più volte, dentro questa piccola cassa di legno, che anticamente doveva essere ricoperta di scaglie preziose, forse madreperla e tartaruga.",145,26,1,44.77,44.77
411,"Con la concessione del culto ufficiale della Sìndone da parte del papa Giulio II nel 1506, che ne fissò la festa il giorno 4 di maggio, la notorietà e la devozione verso la reliquia crebbero, anche in conseguenza delle ostensioni periodiche celebrate a Chambéry.",210,44,1,48.09,48.09
412,Il 600 e il 700 sono i secoli nei quali maggiormente si sviluppa la devozione alla Sìndone.,68,17,1,66.65,66.65
413,Numerose sono le raffigurazioni che vengono fatte prodotte e fatte circolare.,66,11,1,56.27,56.27
414,"Nel 1735 terminava la costruzione della chiesa della Confratèrnita del Santissimo Sudario, sovrastante questa cripta.",97,15,1,44.33,44.33
415,Tra il 500 e il 600 sono stati scritti e pubblicati più di 100 testi interamente dedicati o che comunque trattano della Sìndone.,96,23,1,60.3,60.3
416,Dalla seconda metà del 700 le ostensioni iniziano a rarefarsi.,49,10,1,70.0,70.0
417,"Nell'800, dopo il regno di Carlo Felice, le ostensioni diventano ancora più rare, e solo per matrimoni dinastici.",88,18,1,56.78,56.78
418,La Sìndone non è l’unica immagine di Cristo ad essere stata oggetto di devozione in Europa a partire dal Medioevo.,93,20,1,57.5,57.5
419,"Dalla Veronica, al Mandylion, alla Sìndone di Besançon, nei secoli sono ricordate altre venerate immagini ritenute di Cristo.",104,18,1,47.89,47.89
420,"Di tutte, l’unica che ha resistito al vaglio della critica per le sue particolari caratteristiche, è la Sìndone di Torino.",99,20,1,54.5,54.5
421,In questa vetrina può ammirare una bellissima raffigurazione della deposizione dalla croce con l’ostensione della Sìndone.,105,16,1,42.12,42.12
422,Ai lati in monocromo le insegne della Passione presentate da angeli.,57,11,1,64.45,64.45
423,Si tratta di un’opera dell’inizio del 600 dipinta su seta da Giovanni Battista Della Rovere.,72,15,1,61.0,61.0
424,"L’iconografia della sepoltura nella Sìndone, di cui ha già visto un ingrandimento.",68,12,1,57.33,57.33
425,"Lo scopo della Confratèrnita, ideatrice del Museo, è sin dalle origini quello di diffondere il culto e la conoscenza della Sìndone.",108,21,1,51.86,51.86
426,"Nella teca di vetro può osservare la preziosa cassa di legno, rivestita con lamina d’argento e tempestata di pietre dure e smalti, in cui è stata conservata, arrotolata, la Sìndone dalla fine del XVI secolo sino al 1998.",173,38,1,51.37,51.37
427,Il coperchio è in legno ricoperto di tessuto.,37,8,1,80.25,80.25
428,"Si tratta di preziosa opera di committenza sabauda, che nel tempo ha subito alcune integrazioni e modifiche che tuttavia non hanno alterato la sua impostazione originale.",143,26,1,45.54,45.54
429,"Sotto alla teca sono esposti gli accessori che servivano alla conservazione della Sìndone all’interno della cassetta, eliminati al momento in cui si è adottato il nuovo sistema di conservazione.",163,29,1,43.14,43.14
430,Sono visibili il rullo in legno rivestito di seta su cui veniva arrotolato il lenzuolo e cuscinetti che venivano inseriti tra il rullo e il tessuto.,122,26,1,53.62,53.62
431,Dal 900 a oggi sono state celebrate sette ostensioni solenni.,48,10,1,71.0,71.0
432,"La prima avvenne nel 1931, in occasione del matrimonio del futuro re Umberto II.",61,14,1,66.86,66.86
433,Nel 1933 ne seguì un'altra per celebrare l’Anno Santo della Redenzione.,54,11,1,67.18,67.18
434,Nel 1973 si tenne invece un’ostensione televisiva.,38,7,1,77.57,77.57
435,Nel 1978 l'evento ricordò il quattrocentesimo anniversario dell’arrivo della Sìndone a Torino.,76,12,1,50.67,50.67
436,L'ostensione del 1998 commemorò alcune ricorrenze della storia religiosa piemontese e il centenario della prima fotografia del Telo.,109,18,1,45.11,45.11
437,"Nel 2000 si celebrò il grande Giubileo e, infine, l'elenco si chiude con l'ostensione del 2010.",67,16,1,65.88,65.88
438,Si può vedere come la Sìndone è conservata distesa in una grande teca ad atmosfera.,68,15,1,63.67,63.67
439,The statue was created in nineteen ninety-eight by the sculptor Luigi Mattei.,64,12,1,60.67,60.67
440,"In this niche is displayed the camera that belonged to the lawyer from Asti, Secondo Pia, with which he took the first photographs of the Shroud on May 25 and 28, eighteen ninety-eight.",144,33,1,54.45,54.45
441,It is a device specially built for Pia by a Turin craftsman in order to take large-format photographs.,83,18,1,59.56,59.56
442,"Photograph of the Shroud’s altar in the Cathedral during the exhibition of eighteen ninety-eight, taken by Secondo Pia.",98,18,1,51.22,51.22
443,Enlargement of the face in photographic negative.,42,7,1,71.86,71.86
444,This niche displays several works by artists inspired by the face of the Man of the Shroud.,74,17,1,63.12,63.12
445,These are works produced from nineteen thirty-one to the present day.,57,11,1,64.45,64.45
446,"At the center is the evocative work 'Resurrection' by the young contemporary Polish artist Bartosz Keska from Zakopane, which captures the moment of Christ's return to life, expressed by the intensely luminous silhouette that comes to life beneath the Shroud.",214,40,1,43.0,43.0
447,"The publication of the results of Pia's photographs caused a renewed interest in the Shroud, but also many controversies.",100,19,1,52.16,52.16
448,The Shroud presents two types of impressions: bloodstains and body marks.,61,11,1,60.82,60.82
449,"Reproduction of a helmet of thorny branches, which remains the most credited hypothesis for the Crown of Thorns in the narrative.",107,21,1,52.33,52.33
450,One can recognize the fracture of the nose and a hematoma on the right cheekbone.,66,15,1,65.0,65.0
451,"On the forehead, blood flows are evident, caused by a helmet of thorny branches, like the one displayed alongside.",92,19,1,56.37,56.37
452,"Secondo Pia, born in 1855 and died in nineteen forty-one, was one of the greatest photographers of the nineteenth century.",95,20,1,56.5,56.5
453,This display case documents the operations for the conservation of the Shroud carried out in June-July two thousand and two.,103,20,1,52.5,52.5
454,"On the left wrist, a trickle of blood is visible, having flowed from a wound caused by the penetration of a nail.",89,22,1,62.18,62.18
455,"Displayed alongside are three eighteenth-century nails reconstructed in imitation of those used for crucifixions in Roman times, forged probably including some fragments of nails believed to be original, as shown by the hanging seals.",197,34,1,39.88,39.88
456,Conservation operations in the two thousands.,39,6,1,74.0,74.0
457,"On April 21, 1988, fabric samples were taken from the Shroud to be subjected to dating using the radiocarbon method at the laboratories of Oxford, Zurich, and Tucson.",128,28,1,54.0,54.0
458,Studies of the image of the Shroud with the aid of computers are represented.,63,14,1,65.43,65.43
459,This display case illustrates the study of the various traces present on the Shroud.,70,14,1,60.43,60.43
460,"Some marks are due to burns, wax, and water.",33,9,1,85.67,85.67
461,"Other traces derive from the contact of the sheet with the body, such as blood, serum, and skin cells.",80,19,1,62.68,62.68
462,"Furthermore, the preservative substances used are analyzed, including aloe and myrrh.",72,11,1,50.82,50.82
463,"Finally, the dust that has deposited on the fabric over the centuries is examined.",67,14,1,62.57,62.57
464,Reconstruction of a loom of the period.,32,7,1,86.14,86.14
465,"Scale reconstruction of a first-century Jewish tomb, set against a floor plan of the Basilica of the Holy Sepulchre in Jerusalem during the Crusader period.",129,25,1,49.4,49.4
466,Blessed Sebastiano Valfrè.,23,3,1,112.33,100
467,Saint Francis de Sales.,19,4,1,116.5,100
468,Pope Pius Seventh.,15,3,1,139.0,100
469,"In this display case, you can see some fragments of the fabrics that protected the Shroud over time inside the chest in which it was kept, distributed as 'contact' relics and accompanied by an authentication certificate testifying to their actual contact with the Shroud.",223,44,1,45.14,45.14
470,"Certain objects that came into contact with the Cloth, such as one of the pins used to secure the Shroud during the 1868 exhibition displayed here, were also religiously preserved and passed down.",157,33,1,50.52,50.52
471,One-to-one scale copy of the Shroud on canvas: details can be appreciated in a way very close to direct observation.,93,20,1,57.5,57.5
472,"In the reconstruction of the Shroud's history, the passages from Jerusalem to Edessa (now Sanliurfa in Turkey), and from there to Constantinople and Athens in Greece during the period of the Latin Empire of the East, are currently hypothetical.",199,39,1,45.67,45.67
473,"While those from Lirey, France, to Chambéry, Savoy, and to Turin are precisely documented.",72,14,1,59.0,59.0
474,"In the following display cases, you can follow the development of these routes.",65,13,1,62.08,62.08
475,Two eighteenth-century reliquaries containing a small thread of the Shroud along with others containing fabrics that came into contact with the sacred Cloth.,133,23,1,44.22,44.22
476,"In fifteen hundred and six, Pope Julius II granted public cult of the Shroud, fixing its feast day on May 4 and approving the Mass and Office, the text of which—in a seventeenth-century edition—is displayed in this case.",175,38,1,50.84,50.84
477,"In 1453, the last descendant of Geoffroy de Charny, Marguerite, cedes the Shroud to the House of Savoy.",78,18,1,62.33,62.33
478,"Regarding the oldest period of the Shroud's history, a hypothesis still being studied today identifies the Shroud of Turin with the Mandylion of Edessa, a small cloth known since the 4th century in the East containing the image, believed to be miraculously imprinted, of the face of Christ.",236,48,1,46.08,46.08
479,One of the historical problems on which research focuses concerns the possible events of the Shroud in the first millennium.,104,20,1,52.0,52.0
480,"If the Shroud can be identified with the Mandylion of Edessa, then it would have been transferred to Constantinople in nine hundred and forty-four, and from there, through unclear routes, it would have reached Europe.",177,35,1,47.0,47.0
481,This display case contains some objects and documents that could support this thesis.,72,13,1,56.69,56.69
482,"In 1578, Emmanuel Philibert of Savoy, after moving the political and administrative center of the State from Chambéry to Turin, also wanted to bring the religious palladium of the dynasty, the Shroud.",160,32,1,48.38,48.38
483,"The Cloth made the journey folded several times inside this small wooden chest, which in ancient times must have been covered with precious scales, perhaps mother-of-pearl and tortoiseshell.",158,28,1,43.29,43.29
484,"With the granting of the official cult of the Shroud by Pope Julius II in fifteen hundred and six, which fixed the feast day for May 4, the fame and devotion toward the relic grew, also as a consequence of the periodic exhibitions held in Chambéry.",198,46,1,52.48,52.48
485,The seventeenth and eighteenth centuries are the centuries in which devotion to the Shroud developed most extensively.,101,17,1,47.24,47.24
486,Numerous representations were produced and circulated.,48,6,1,59.0,59.0
487,"In 1735, the construction of the church of the Confraternity of the Most Holy Shroud, located above this crypt, was completed.",98,21,1,56.62,56.62
488,"Between the sixteenth and seventeenth centuries, more than 100 texts entirely dedicated to or otherwise dealing with the Shroud were written and published.",128,23,1,46.39,46.39
489,"From the second half of the eighteenth century, exhibitions began to become rarer.",68,13,1,59.77,59.77
490,"In the nineteenth century, after the reign of Charles Felix, exhibitions became even rarer, occurring only for dynastic weddings.",107,19,1,48.47,48.47
491,The Shroud is not the only image of Christ to have been an object of devotion in Europe since the Middle Ages.,88,22,1,62.64,62.64
492,"From the Veronica to the Mandylion to the Shroud of Besançon, other venerated images believed to be of Christ are remembered through the centuries.",122,24,1,50.67,50.67
493,"Of all of them, the only one that has stood the test of critical scrutiny due to its unique characteristics is the Shroud of Turin.",105,25,1,59.0,59.0
494,"In this display case, you can admire a beautiful depiction of the Deposition from the Cross with the exhibition of the Shroud.",103,22,1,55.82,55.82
495,"On the sides, in monochrome, are the instruments of the Passion presented by angels.",68,14,1,61.86,61.86
496,It is a work from the beginning of the seventeenth century painted on silk by Giovanni Battista Della Rovere.,90,19,1,57.42,57.42
497,"The iconography of the burial in the Shroud, of which you have already seen an enlargement.",74,16,1,61.5,61.5
498,"The purpose of the Confraternity, the creator of the Museum, has been since its origins to spread the cult and knowledge of the Shroud.",109,24,1,56.08,56.08
499,"In the glass case, you can observe the precious wooden chest, covered with silver leaf and studded with semi-precious stones and enamels, in which the Shroud was kept rolled up from the end of the 16th century until nineteen ninety-eight.",191,40,1,48.75,48.75
500,The lid is made of wood covered with fabric.,35,9,1,83.44,83.44
501,"It is a precious work commissioned by the House of Savoy, which over time has undergone some additions and modifications that, however, have not altered its original layout.",142,28,1,49.0,49.0
502,"Below the case are displayed the accessories used for the conservation of the Shroud inside the chest, which were removed when the new conservation system was adopted.",139,27,1,48.63,48.63
503,The silk-covered wooden roller on which the sheet was rolled and the pads that were inserted between the roller and the fabric are visible.,114,24,1,54.0,54.0
504,Seven solemn exhibitions have been held from the twentieth century to the present.,69,13,1,59.0,59.0
505,"The first took place in 1931, on the occasion of the wedding of the future King Umberto II.",68,18,1,67.89,67.89
506,"In 1933, another followed to celebrate the Holy Year of Redemption.",51,11,1,69.91,69.91
507,"In 1973, a televised exhibition was held instead.",36,8,1,81.5,81.5
508,"In 1978, the event commemorated the four-hundredth anniversary of the Shroud's arrival in Turin.",75,14,1,56.86,56.86
509,The 1998 exhibition commemorated several anniversaries of Piedmontese religious history and the centenary of the first photograph of the Cloth.,119,20,1,44.5,44.5
510,"In 2000, the Great Jubilee was celebrated, and finally, the list concludes with the exhibition of 2010.",75,17,1,62.53,62.53
511,One can see how the Shroud is preserved laid flat in a large controlled-atmosphere case.,72,15,1,61.0,61.0
512,The statue was created in nineteen ninety-eight by the sculptor Luigi Mattei.,64,12,1,60.67,60.67
513,"In this niche is displayed the camera that belonged to the lawyer from Asti, Secondo Pia, with which he took the first photographs of the Shroud on May 25 and 28, eighteen ninety-eight.",144,33,1,54.45,54.45
514,It is a device specially built for Pia by a Turin craftsman in order to take large-format photographs.,83,18,1,59.56,59.56
515,"Photograph of the Shroud’s altar in the Cathedral during the exhibition of eighteen ninety-eight, taken by Secondo Pia.",98,18,1,51.22,51.22
516,Enlargement of the face in photographic negative.,42,7,1,71.86,71.86
517,This niche displays several works by artists inspired by the face of the Man of the Shroud.,74,17,1,63.12,63.12
518,These are works produced from nineteen thirty-one to the present day.,57,11,1,64.45,64.45
519,"At the center is the evocative work 'Resurrection' by the young contemporary Polish artist Bartosz Keska from Zakopane, which captures the moment of Christ's return to life, expressed by the intensely luminous silhouette that comes to life beneath the Shroud.",214,40,1,43.0,43.0
520,"The publication of the results of Pia's photographs caused a renewed interest in the Shroud, but also many controversies.",100,19,1,52.16,52.16
521,The Shroud presents two types of impressions: bloodstains and body marks.,61,11,1,60.82,60.82
522,"Reproduction of a helmet of thorny branches, which remains the most credited hypothesis for the Crown of Thorns in the narrative.",107,21,1,52.33,52.33
523,One can recognize the fracture of the nose and a hematoma on the right cheekbone.,66,15,1,65.0,65.0
524,"On the forehead, blood flows are evident, caused by a helmet of thorny branches, like the one displayed alongside.",92,19,1,56.37,56.37
525,"Secondo Pia, born in 1855 and died in nineteen forty-one, was one of the greatest photographers of the nineteenth century.",95,20,1,56.5,56.5
526,This display case documents the operations for the conservation of the Shroud carried out in June-July two thousand and two.,103,20,1,52.5,52.5
527,"On the left wrist, a trickle of blood is visible, having flowed from a wound caused by the penetration of a nail.",89,22,1,62.18,62.18
528,"Displayed alongside are three eighteenth-century nails reconstructed in imitation of those used for crucifixions in Roman times, forged probably including some fragments of nails believed to be original, as shown by the hanging seals.",197,34,1,39.88,39.88
529,Conservation operations in the two thousands.,39,6,1,74.0,74.0
530,"On April 21, 1988, fabric samples were taken from the Shroud to be subjected to dating using the radiocarbon method at the laboratories of Oxford, Zurich, and Tucson.",128,28,1,54.0,54.0
531,Studies of the image of the Shroud with the aid of computers are represented.,63,14,1,65.43,65.43
532,This display case illustrates the study of the various traces present on the Shroud.,70,14,1,60.43,60.43
533,"Some marks are due to burns, wax, and water.",33,9,1,85.67,85.67
534,"Other traces derive from the contact of the sheet with the body, such as blood, serum, and skin cells.",80,19,1,62.68,62.68
535,"Furthermore, the preservative substances used are analyzed, including aloe and myrrh.",72,11,1,50.82,50.82
536,"Finally, the dust that has deposited on the fabric over the centuries is examined.",67,14,1,62.57,62.57
537,Reconstruction of a loom of the period.,32,7,1,86.14,86.14
538,"Scale reconstruction of a first-century Jewish tomb, set against a floor plan of the Basilica of the Holy Sepulchre in Jerusalem during the Crusader period.",129,25,1,49.4,49.4
539,Blessed Sebastiano Valfrè.,23,3,1,112.33,100
540,Saint Francis de Sales.,19,4,1,116.5,100
541,Pope Pius Seventh.,15,3,1,139.0,100
542,"In this display case, you can see some fragments of the fabrics that protected the Shroud over time inside the chest in which it was kept, distributed as 'contact' relics and accompanied by an authentication certificate testifying to their actual contact with the Shroud.",223,44,1,45.14,45.14
543,"Certain objects that came into contact with the Cloth, such as one of the pins used to secure the Shroud during the 1868 exhibition displayed here, were also religiously preserved and passed down.",157,33,1,50.52,50.52
544,One-to-one scale copy of the Shroud on canvas: details can be appreciated in a way very close to direct observation.,93,20,1,57.5,57.5
545,"In the reconstruction of the Shroud's history, the passages from Jerusalem to Edessa (now Sanliurfa in Turkey), and from there to Constantinople and Athens in Greece during the period of the Latin Empire of the East, are currently hypothetical.",199,39,1,45.67,45.67
546,"While those from Lirey, France, to Chambéry, Savoy, and to Turin are precisely documented.",72,14,1,59.0,59.0
547,"In the following display cases, you can follow the development of these routes.",65,13,1,62.08,62.08
548,Two eighteenth-century reliquaries containing a small thread of the Shroud along with others containing fabrics that came into contact with the sacred Cloth.,133,23,1,44.22,44.22
549,"In fifteen hundred and six, Pope Julius II granted public cult of the Shroud, fixing its feast day on May 4 and approving the Mass and Office, the text of which—in a seventeenth-century edition—is displayed in this case.",175,38,1,50.84,50.84
550,"In 1453, the last descendant of Geoffroy de Charny, Marguerite, cedes the Shroud to the House of Savoy.",78,18,1,62.33,62.33
551,"Regarding the oldest period of the Shroud's history, a hypothesis still being studied today identifies the Shroud of Turin with the Mandylion of Edessa, a small cloth known since the 4th century in the East containing the image, believed to be miraculously imprinted, of the face of Christ.",236,48,1,46.08,46.08
552,One of the historical problems on which research focuses concerns the possible events of the Shroud in the first millennium.,104,20,1,52.0,52.0
553,"If the Shroud can be identified with the Mandylion of Edessa, then it would have been transferred to Constantinople in nine hundred and forty-four, and from there, through unclear routes, it would have reached Europe.",177,35,1,47.0,47.0
554,This display case contains some objects and documents that could support this thesis.,72,13,1,56.69,56.69
555,"In 1578, Emmanuel Philibert of Savoy, after moving the political and administrative center of the State from Chambéry to Turin, also wanted to bring the religious palladium of the dynasty, the Shroud.",160,32,1,48.38,48.38
556,"The Cloth made the journey folded several times inside this small wooden chest, which in ancient times must have been covered with precious scales, perhaps mother-of-pearl and tortoiseshell.",158,28,1,43.29,43.29
557,"With the granting of the official cult of the Shroud by Pope Julius II in fifteen hundred and six, which fixed the feast day for May 4, the fame and devotion toward the relic grew, also as a consequence of the periodic exhibitions held in Chambéry.",198,46,1,52.48,52.48
558,The seventeenth and eighteenth centuries are the centuries in which devotion to the Shroud developed most extensively.,101,17,1,47.24,47.24
559,Numerous representations were produced and circulated.,48,6,1,59.0,59.0
560,"In 1735, the construction of the church of the Confraternity of the Most Holy Shroud, located above this crypt, was completed.",98,21,1,56.62,56.62
561,"Between the sixteenth and seventeenth centuries, more than 100 texts entirely dedicated to or otherwise dealing with the Shroud were written and published.",128,23,1,46.39,46.39
562,"From the second half of the eighteenth century, exhibitions began to become rarer.",68,13,1,59.77,59.77
563,"In the nineteenth century, after the reign of Charles Felix, exhibitions became even rarer, occurring only for dynastic weddings.",107,19,1,48.47,48.47
564,The Shroud is not the only image of Christ to have been an object of devotion in Europe since the Middle Ages.,88,22,1,62.64,62.64
565,"From the Veronica to the Mandylion to the Shroud of Besançon, other venerated images believed to be of Christ are remembered through the centuries.",122,24,1,50.67,50.67
566,"Of all of them, the only one that has stood the test of critical scrutiny due to its unique characteristics is the Shroud of Turin.",105,25,1,59.0,59.0
567,"In this display case, you can admire a beautiful depiction of the Deposition from the Cross with the exhibition of the Shroud.",103,22,1,55.82,55.82
568,"On the sides, in monochrome, are the instruments of the Passion presented by angels.",68,14,1,61.86,61.86
569,It is a work from the beginning of the seventeenth century painted on silk by Giovanni Battista Della Rovere.,90,19,1,57.42,57.42
570,"The iconography of the burial in the Shroud, of which you have already seen an enlargement.",74,16,1,61.5,61.5
571,"The purpose of the Confraternity, the creator of the Museum, has been since its origins to spread the cult and knowledge of the Shroud.",109,24,1,56.08,56.08
572,"In the glass case, you can observe the precious wooden chest, covered with silver leaf and studded with semi-precious stones and enamels, in which the Shroud was kept rolled up from the end of the 16th century until nineteen ninety-eight.",191,40,1,48.75,48.75
573,The lid is made of wood covered with fabric.,35,9,1,83.44,83.44
574,"It is a precious work commissioned by the House of Savoy, which over time has undergone some additions and modifications that, however, have not altered its original layout.",142,28,1,49.0,49.0
575,"Below the case are displayed the accessories used for the conservation of the Shroud inside the chest, which were removed when the new conservation system was adopted.",139,27,1,48.63,48.63
576,The silk-covered wooden roller on which the sheet was rolled and the pads that were inserted between the roller and the fabric are visible.,114,24,1,54.0,54.0
577,Seven solemn exhibitions have been held from the twentieth century to the present.,69,13,1,59.0,59.0
578,"The first took place in 1931, on the occasion of the wedding of the future King Umberto II.",68,18,1,67.89,67.89
579,"In 1933, another followed to celebrate the Holy Year of Redemption.",51,11,1,69.91,69.91
580,"In 1973, a televised exhibition was held instead.",36,8,1,81.5,81.5
581,"In 1978, the event commemorated the four-hundredth anniversary of the Shroud's arrival in Turin.",75,14,1,56.86,56.86
582,The 1998 exhibition commemorated several anniversaries of Piedmontese religious history and the centenary of the first photograph of the Cloth.,119,20,1,44.5,44.5
583,"In 2000, the Great Jubilee was celebrated, and finally, the list concludes with the exhibition of 2010.",75,17,1,62.53,62.53
584,One can see how the Shroud is preserved laid flat in a large controlled-atmosphere case.,72,15,1,61.0,61.0
585,The statue was created in nineteen ninety-eight by the sculptor Luigi Mattei.,64,12,1,60.67,60.67
586,"In this niche is displayed the camera that belonged to the lawyer from Asti, Secondo Pia, with which he took the first photographs of the Shroud on May 25 and 28, eighteen ninety-eight.",144,33,1,54.45,54.45
587,It is a device specially built for Pia by a Turin craftsman in order to take large-format photographs.,83,18,1,59.56,59.56
588,"Photograph of the Shroud’s altar in the Cathedral during the exhibition of eighteen ninety-eight, taken by Secondo Pia.",98,18,1,51.22,51.22
589,Enlargement of the face in photographic negative.,42,7,1,71.86,71.86
590,This niche displays several works by artists inspired by the face of the Man of the Shroud.,74,17,1,63.12,63.12
591,These are works produced from nineteen thirty-one to the present day.,57,11,1,64.45,64.45
592,"At the center is the evocative work 'Resurrection' by the young contemporary Polish artist Bartosz Keska from Zakopane, which captures the moment of Christ's return to life, expressed by the intensely luminous silhouette that comes to life beneath the Shroud.",214,40,1,43.0,43.0
593,"The publication of the results of Pia's photographs caused a renewed interest in the Shroud, but also many controversies.",100,19,1,52.16,52.16
594,The Shroud presents two types of impressions: bloodstains and body marks.,61,11,1,60.82,60.82
595,"Reproduction of a helmet of thorny branches, which remains the most credited hypothesis for the Crown of Thorns in the narrative.",107,21,1,52.33,52.33
596,One can recognize the fracture of the nose and a hematoma on the right cheekbone.,66,15,1,65.0,65.0
597,"On the forehead, blood flows are evident, caused by a helmet of thorny branches, like the one displayed alongside.",92,19,1,56.37,56.37
598,"Secondo Pia, born in 1855 and died in nineteen forty-one, was one of the greatest photographers of the nineteenth century.",95,20,1,56.5,56.5
599,This display case documents the operations for the conservation of the Shroud carried out in June-July two thousand and two.,103,20,1,52.5,52.5
600,"On the left wrist, a trickle of blood is visible, having flowed from a wound caused by the penetration of a nail.",89,22,1,62.18,62.18
601,"Displayed alongside are three eighteenth-century nails reconstructed in imitation of those used for crucifixions in Roman times, forged probably including some fragments of nails believed to be original, as shown by the hanging seals.",197,34,1,39.88,39.88
602,Conservation operations in the two thousands.,39,6,1,74.0,74.0
603,"On April 21, 1988, fabric samples were taken from the Shroud to be subjected to dating using the radiocarbon method at the laboratories of Oxford, Zurich, and Tucson.",128,28,1,54.0,54.0
604,Studies of the image of the Shroud with the aid of computers are represented.,63,14,1,65.43,65.43
605,This display case illustrates the study of the various traces present on the Shroud.,70,14,1,60.43,60.43
606,"Some marks are due to burns, wax, and water.",33,9,1,85.67,85.67
607,"Other traces derive from the contact of the sheet with the body, such as blood, serum, and skin cells.",80,19,1,62.68,62.68
608,"Furthermore, the preservative substances used are analyzed, including aloe and myrrh.",72,11,1,50.82,50.82
609,"Finally, the dust that has deposited on the fabric over the centuries is examined.",67,14,1,62.57,62.57
610,Reconstruction of a loom of the period.,32,7,1,86.14,86.14
611,"Scale reconstruction of a first-century Jewish tomb, set against a floor plan of the Basilica of the Holy Sepulchre in Jerusalem during the Crusader period.",129,25,1,49.4,49.4
612,Blessed Sebastiano Valfrè.,23,3,1,112.33,100
613,Saint Francis de Sales.,19,4,1,116.5,100
614,Pope Pius Seventh.,15,3,1,139.0,100
615,"In this display case, you can see some fragments of the fabrics that protected the Shroud over time inside the chest in which it was kept, distributed as 'contact' relics and accompanied by an authentication certificate testifying to their actual contact with the Shroud.",223,44,1,45.14,45.14
616,"Certain objects that came into contact with the Cloth, such as one of the pins used to secure the Shroud during the 1868 exhibition displayed here, were also religiously preserved and passed down.",157,33,1,50.52,50.52
617,One-to-one scale copy of the Shroud on canvas: details can be appreciated in a way very close to direct observation.,93,20,1,57.5,57.5
618,"In the reconstruction of the Shroud's history, the passages from Jerusalem to Edessa (now Sanliurfa in Turkey), and from there to Constantinople and Athens in Greece during the period of the Latin Empire of the East, are currently hypothetical.",199,39,1,45.67,45.67
619,"While those from Lirey, France, to Chambéry, Savoy, and to Turin are precisely documented.",72,14,1,59.0,59.0
620,"In the following display cases, you can follow the development of these routes.",65,13,1,62.08,62.08
621,Two eighteenth-century reliquaries containing a small thread of the Shroud along with others containing fabrics that came into contact with the sacred Cloth.,133,23,1,44.22,44.22
622,"In fifteen hundred and six, Pope Julius II granted public cult of the Shroud, fixing its feast day on May 4 and approving the Mass and Office, the text of which—in a seventeenth-century edition—is displayed in this case.",175,38,1,50.84,50.84
623,"In 1453, the last descendant of Geoffroy de Charny, Marguerite, cedes the Shroud to the House of Savoy.",78,18,1,62.33,62.33
624,"Regarding the oldest period of the Shroud's history, a hypothesis still being studied today identifies the Shroud of Turin with the Mandylion of Edessa, a small cloth known since the 4th century in the East containing the image, believed to be miraculously imprinted, of the face of Christ.",236,48,1,46.08,46.08
625,One of the historical problems on which research focuses concerns the possible events of the Shroud in the first millennium.,104,20,1,52.0,52.0
626,"If the Shroud can be identified with the Mandylion of Edessa, then it would have been transferred to Constantinople in nine hundred and forty-four, and from there, through unclear routes, it would have reached Europe.",177,35,1,47.0,47.0
627,This display case contains some objects and documents that could support this thesis.,72,13,1,56.69,56.69
628,"In 1578, Emmanuel Philibert of Savoy, after moving the political and administrative center of the State from Chambéry to Turin, also wanted to bring the religious palladium of the dynasty, the Shroud.",160,32,1,48.38,48.38
629,"The Cloth made the journey folded several times inside this small wooden chest, which in ancient times must have been covered with precious scales, perhaps mother-of-pearl and tortoiseshell.",158,28,1,43.29,43.29
630,"With the granting of the official cult of the Shroud by Pope Julius II in fifteen hundred and six, which fixed the feast day for May 4, the fame and devotion toward the relic grew, also as a consequence of the periodic exhibitions held in Chambéry.",198,46,1,52.48,52.48
631,The seventeenth and eighteenth centuries are the centuries in which devotion to the Shroud developed most extensively.,101,17,1,47.24,47.24
632,Numerous representations were produced and circulated.,48,6,1,59.0,59.0
633,"In 1735, the construction of the church of the Confraternity of the Most Holy Shroud, located above this crypt, was completed.",98,21,1,56.62,56.62
634,"Between the sixteenth and seventeenth centuries, more than 100 texts entirely dedicated to or otherwise dealing with the Shroud were written and published.",128,23,1,46.39,46.39
635,"From the second half of the eighteenth century, exhibitions began to become rarer.",68,13,1,59.77,59.77
636,"In the nineteenth century, after the reign of Charles Felix, exhibitions became even rarer, occurring only for dynastic weddings.",107,19,1,48.47,48.47
637,The Shroud is not the only image of Christ to have been an object of devotion in Europe since the Middle Ages.,88,22,1,62.64,62.64
638,"From the Veronica to the Mandylion to the Shroud of Besançon, other venerated images believed to be of Christ are remembered through the centuries.",122,24,1,50.67,50.67
639,"Of all of them, the only one that has stood the test of critical scrutiny due to its unique characteristics is the Shroud of Turin.",105,25,1,59.0,59.0
640,"In this display case, you can admire a beautiful depiction of the Deposition from the Cross with the exhibition of the Shroud.",103,22,1,55.82,55.82
641,"On the sides, in monochrome, are the instruments of the Passion presented by angels.",68,14,1,61.86,61.86
642,It is a work from the beginning of the seventeenth century painted on silk by Giovanni Battista Della Rovere.,90,19,1,57.42,57.42
643,"The iconography of the burial in the Shroud, of which you have already seen an enlargement.",74,16,1,61.5,61.5
644,"The purpose of the Confraternity, the creator of the Museum, has been since its origins to spread the cult and knowledge of the Shroud.",109,24,1,56.08,56.08
645,"In the glass case, you can observe the precious wooden chest, covered with silver leaf and studded with semi-precious stones and enamels, in which the Shroud was kept rolled up from the end of the 16th century until nineteen ninety-eight.",191,40,1,48.75,48.75
646,The lid is made of wood covered with fabric.,35,9,1,83.44,83.44
647,"It is a precious work commissioned by the House of Savoy, which over time has undergone some additions and modifications that, however, have not altered its original layout.",142,28,1,49.0,49.0
648,"Below the case are displayed the accessories used for the conservation of the Shroud inside the chest, which were removed when the new conservation system was adopted.",139,27,1,48.63,48.63
649,The silk-covered wooden roller on which the sheet was rolled and the pads that were inserted between the roller and the fabric are visible.,114,24,1,54.0,54.0
650,Seven solemn exhibitions have been held from the twentieth century to the present.,69,13,1,59.0,59.0
651,"The first took place in 1931, on the occasion of the wedding of the future King Umberto II.",68,18,1,67.89,67.89
652,"In 1933, another followed to celebrate the Holy Year of Redemption.",51,11,1,69.91,69.91
653,"In 1973, a televised exhibition was held instead.",36,8,1,81.5,81.5
654,"In 1978, the event commemorated the four-hundredth anniversary of the Shroud's arrival in Turin.",75,14,1,56.86,56.86
655,The 1998 exhibition commemorated several anniversaries of Piedmontese religious history and the centenary of the first photograph of the Cloth.,119,20,1,44.5,44.5
656,"In 2000, the Great Jubilee was celebrated, and finally, the list concludes with the exhibition of 2010.",75,17,1,62.53,62.53
657,One can see how the Shroud is preserved laid flat in a large controlled-atmosphere case.,72,15,1,61.0,61.0
658,The statue was created in nineteen ninety-eight by the sculptor Luigi Mattei.,64,12,1,60.67,60.67
659,"In this niche is displayed the camera that belonged to the lawyer from Asti, Secondo Pia, with which he took the first photographs of the Shroud on May 25 and 28, eighteen ninety-eight.",144,33,1,54.45,54.45
660,It is a device specially built for Pia by a Turin craftsman in order to take large-format photographs.,83,18,1,59.56,59.56
661,"Photograph of the Shroud’s altar in the Cathedral during the exhibition of eighteen ninety-eight, taken by Secondo Pia.",98,18,1,51.22,51.22
662,Enlargement of the face in photographic negative.,42,7,1,71.86,71.86
663,This niche displays several works by artists inspired by the face of the Man of the Shroud.,74,17,1,63.12,63.12
664,These are works produced from nineteen thirty-one to the present day.,57,11,1,64.45,64.45
665,"At the center is the evocative work 'Resurrection' by the young contemporary Polish artist Bartosz Keska from Zakopane, which captures the moment of Christ's return to life, expressed by the intensely luminous silhouette that comes to life beneath the Shroud.",214,40,1,43.0,43.0
666,"The publication of the results of Pia's photographs caused a renewed interest in the Shroud, but also many controversies.",100,19,1,52.16,52.16
667,The Shroud presents two types of impressions: bloodstains and body marks.,61,11,1,60.82,60.82
668,"Reproduction of a helmet of thorny branches, which remains the most credited hypothesis for the Crown of Thorns in the narrative.",107,21,1,52.33,52.33
669,One can recognize the fracture of the nose and a hematoma on the right cheekbone.,66,15,1,65.0,65.0
670,"On the forehead, blood flows are evident, caused by a helmet of thorny branches, like the one displayed alongside.",92,19,1,56.37,56.37
671,"Secondo Pia, born in 1855 and died in nineteen forty-one, was one of the greatest photographers of the nineteenth century.",95,20,1,56.5,56.5
672,This display case documents the operations for the conservation of the Shroud carried out in June-July two thousand and two.,103,20,1,52.5,52.5
673,"On the left wrist, a trickle of blood is visible, having flowed from a wound caused by the penetration of a nail.",89,22,1,62.18,62.18
674,"Displayed alongside are three eighteenth-century nails reconstructed in imitation of those used for crucifixions in Roman times, forged probably including some fragments of nails believed to be original, as shown by the hanging seals.",197,34,1,39.88,39.88
675,Conservation operations in the two thousands.,39,6,1,74.0,74.0
676,"On April 21, 1988, fabric samples were taken from the Shroud to be subjected to dating using the radiocarbon method at the laboratories of Oxford, Zurich, and Tucson.",128,28,1,54.0,54.0
677,Studies of the image of the Shroud with the aid of computers are represented.,63,14,1,65.43,65.43
678,This display case illustrates the study of the various traces present on the Shroud.,70,14,1,60.43,60.43
679,"Some marks are due to burns, wax, and water.",33,9,1,85.67,85.67
680,"Other traces derive from the contact of the sheet with the body, such as blood, serum, and skin cells.",80,19,1,62.68,62.68
681,"Furthermore, the preservative substances used are analyzed, including aloe and myrrh.",72,11,1,50.82,50.82
682,"Finally, the dust that has deposited on the fabric over the centuries is examined.",67,14,1,62.57,62.57
683,Reconstruction of a loom of the period.,32,7,1,86.14,86.14
684,"Scale reconstruction of a first-century Jewish tomb, set against a floor plan of the Basilica of the Holy Sepulchre in Jerusalem during the Crusader period.",129,25,1,49.4,49.4
685,Blessed Sebastiano Valfrè.,23,3,1,112.33,100
686,Saint Francis de Sales.,19,4,1,116.5,100
687,Pope Pius Seventh.,15,3,1,139.0,100
688,"In this display case, you can see some fragments of the fabrics that protected the Shroud over time inside the chest in which it was kept, distributed as 'contact' relics and accompanied by an authentication certificate testifying to their actual contact with the Shroud.",223,44,1,45.14,45.14
689,"Certain objects that came into contact with the Cloth, such as one of the pins used to secure the Shroud during the 1868 exhibition displayed here, were also religiously preserved and passed down.",157,33,1,50.52,50.52
690,One-to-one scale copy of the Shroud on canvas: details can be appreciated in a way very close to direct observation.,93,20,1,57.5,57.5
691,"In the reconstruction of the Shroud's history, the passages from Jerusalem to Edessa (now Sanliurfa in Turkey), and from there to Constantinople and Athens in Greece during the period of the Latin Empire of the East, are currently hypothetical.",199,39,1,45.67,45.67
692,"While those from Lirey, France, to Chambéry, Savoy, and to Turin are precisely documented.",72,14,1,59.0,59.0
693,"In the following display cases, you can follow the development of these routes.",65,13,1,62.08,62.08
694,Two eighteenth-century reliquaries containing a small thread of the Shroud along with others containing fabrics that came into contact with the sacred Cloth.,133,23,1,44.22,44.22
695,"In fifteen hundred and six, Pope Julius II granted public cult of the Shroud, fixing its feast day on May 4 and approving the Mass and Office, the text of which—in a seventeenth-century edition—is displayed in this case.",175,38,1,50.84,50.84
696,"In 1453, the last descendant of Geoffroy de Charny, Marguerite, cedes the Shroud to the House of Savoy.",78,18,1,62.33,62.33
697,"Regarding the oldest period of the Shroud's history, a hypothesis still being studied today identifies the Shroud of Turin with the Mandylion of Edessa, a small cloth known since the 4th century in the East containing the image, believed to be miraculously imprinted, of the face of Christ.",236,48,1,46.08,46.08
698,One of the historical problems on which research focuses concerns the possible events of the Shroud in the first millennium.,104,20,1,52.0,52.0
699,"If the Shroud can be identified with the Mandylion of Edessa, then it would have been transferred to Constantinople in nine hundred and forty-four, and from there, through unclear routes, it would have reached Europe.",177,35,1,47.0,47.0
700,This display case contains some objects and documents that could support this thesis.,72,13,1,56.69,56.69
701,"In 1578, Emmanuel Philibert of Savoy, after moving the political and administrative center of the State from Chambéry to Turin, also wanted to bring the religious palladium of the dynasty, the Shroud.",160,32,1,48.38,48.38
702,"The Cloth made the journey folded several times inside this small wooden chest, which in ancient times must have been covered with precious scales, perhaps mother-of-pearl and tortoiseshell.",158,28,1,43.29,43.29
703,"With the granting of the official cult of the Shroud by Pope Julius II in fifteen hundred and six, which fixed the feast day for May 4, the fame and devotion toward the relic grew, also as a consequence of the periodic exhibitions held in Chambéry.",198,46,1,52.48,52.48
704,The seventeenth and eighteenth centuries are the centuries in which devotion to the Shroud developed most extensively.,101,17,1,47.24,47.24
705,Numerous representations were produced and circulated.,48,6,1,59.0,59.0
706,"In 1735, the construction of the church of the Confraternity of the Most Holy Shroud, located above this crypt, was completed.",98,21,1,56.62,56.62
707,"Between the sixteenth and seventeenth centuries, more than 100 texts entirely dedicated to or otherwise dealing with the Shroud were written and published.",128,23,1,46.39,46.39
708,"From the second half of the eighteenth century, exhibitions began to become rarer.",68,13,1,59.77,59.77
709,"In the nineteenth century, after the reign of Charles Felix, exhibitions became even rarer, occurring only for dynastic weddings.",107,19,1,48.47,48.47
710,The Shroud is not the only image of Christ to have been an object of devotion in Europe since the Middle Ages.,88,22,1,62.64,62.64
711,"From the Veronica to the Mandylion to the Shroud of Besançon, other venerated images believed to be of Christ are remembered through the centuries.",122,24,1,50.67,50.67
712,"Of all of them, the only one that has stood the test of critical scrutiny due to its unique characteristics is the Shroud of Turin.",105,25,1,59.0,59.0
713,"In this display case, you can admire a beautiful depiction of the Deposition from the Cross with the exhibition of the Shroud.",103,22,1,55.82,55.82
714,"On the sides, in monochrome, are the instruments of the Passion presented by angels.",68,14,1,61.86,61.86
715,It is a work from the beginning of the seventeenth century painted on silk by Giovanni Battista Della Rovere.,90,19,1,57.42,57.42
716,"The iconography of the burial in the Shroud, of which you have already seen an enlargement.",74,16,1,61.5,61.5
717,"The purpose of the Confraternity, the creator of the Museum, has been since its origins to spread the cult and knowledge of the Shroud.",109,24,1,56.08,56.08
718,"In the glass case, you can observe the precious wooden chest, covered with silver leaf and studded with semi-precious stones and enamels, in which the Shroud was kept rolled up from the end of the 16th century until nineteen ninety-eight.",191,40,1,48.75,48.75
719,The lid is made of wood covered with fabric.,35,9,1,83.44,83.44
720,"It is a precious work commissioned by the House of Savoy, which over time has undergone some additions and modifications that, however, have not altered its original layout.",142,28,1,49.0,49.0
721,"Below the case are displayed the accessories used for the conservation of the Shroud inside the chest, which were removed when the new conservation system was adopted.",139,27,1,48.63,48.63
722,The silk-covered wooden roller on which the sheet was rolled and the pads that were inserted between the roller and the fabric are visible.,114,24,1,54.0,54.0
723,Seven solemn exhibitions have been held from the twentieth century to the present.,69,13,1,59.0,59.0
724,"The first took place in 1931, on the occasion of the wedding of the future King Umberto II.",68,18,1,67.89,67.89
725,"In 1933, another followed to celebrate the Holy Year of Redemption.",51,11,1,69.91,69.91
726,"In 1973, a televised exhibition was held instead.",36,8,1,81.5,81.5
727,"In 1978, the event commemorated the four-hundredth anniversary of the Shroud's arrival in Turin.",75,14,1,56.86,56.86
728,The 1998 exhibition commemorated several anniversaries of Piedmontese religious history and the centenary of the first photograph of the Cloth.,119,20,1,44.5,44.5
729,"In 2000, the Great Jubilee was celebrated, and finally, the list concludes with the exhibition of 2010.",75,17,1,62.53,62.53
730,One can see how the Shroud is preserved laid flat in a large controlled-atmosphere case.,72,15,1,61.0,61.0
731,The statue was created in nineteen ninety-eight by the sculptor Luigi Mattei.,64,12,1,60.67,60.67
732,"In this niche is displayed the camera that belonged to the lawyer from Asti, Secondo Pia, with which he took the first photographs of the Shroud on May 25 and 28, eighteen ninety-eight.",144,33,1,54.45,54.45
733,It is a device specially built for Pia by a Turin craftsman in order to take large-format photographs.,83,18,1,59.56,59.56
734,"Photograph of the Shroud’s altar in the Cathedral during the exhibition of eighteen ninety-eight, taken by Secondo Pia.",98,18,1,51.22,51.22
735,Enlargement of the face in photographic negative.,42,7,1,71.86,71.86
736,This niche displays several works by artists inspired by the face of the Man of the Shroud.,74,17,1,63.12,63.12
737,These are works produced from nineteen thirty-one to the present day.,57,11,1,64.45,64.45
738,"At the center is the evocative work 'Resurrection' by the young contemporary Polish artist Bartosz Keska from Zakopane, which captures the moment of Christ's return to life, expressed by the intensely luminous silhouette that comes to life beneath the Shroud.",214,40,1,43.0,43.0
739,"The publication of the results of Pia's photographs caused a renewed interest in the Shroud, but also many controversies.",100,19,1,52.16,52.16
740,The Shroud presents two types of impressions: bloodstains and body marks.,61,11,1,60.82,60.82
741,"Reproduction of a helmet of thorny branches, which remains the most credited hypothesis for the Crown of Thorns in the narrative.",107,21,1,52.33,52.33
742,One can recognize the fracture of the nose and a hematoma on the right cheekbone.,66,15,1,65.0,65.0
743,"On the forehead, blood flows are evident, caused by a helmet of thorny branches, like the one displayed alongside.",92,19,1,56.37,56.37
744,"Secondo Pia, born in 1855 and died in nineteen forty-one, was one of the greatest photographers of the nineteenth century.",95,20,1,56.5,56.5
745,This display case documents the operations for the conservation of the Shroud carried out in June-July two thousand and two.,103,20,1,52.5,52.5
746,"On the left wrist, a trickle of blood is visible, having flowed from a wound caused by the penetration of a nail.",89,22,1,62.18,62.18
747,"Displayed alongside are three eighteenth-century nails reconstructed in imitation of those used for crucifixions in Roman times, forged probably including some fragments of nails believed to be original, as shown by the hanging seals.",197,34,1,39.88,39.88
748,Conservation operations in the two thousands.,39,6,1,74.0,74.0
749,"On April 21, 1988, fabric samples were taken from the Shroud to be subjected to dating using the radiocarbon method at the laboratories of Oxford, Zurich, and Tucson.",128,28,1,54.0,54.0
750,Studies of the image of the Shroud with the aid of computers are represented.,63,14,1,65.43,65.43
751,This display case illustrates the study of the various traces present on the Shroud.,70,14,1,60.43,60.43
752,"Some marks are due to burns, wax, and water.",33,9,1,85.67,85.67
753,"Other traces derive from the contact of the sheet with the body, such as blood, serum, and skin cells.",80,19,1,62.68,62.68
754,"Furthermore, the preservative substances used are analyzed, including aloe and myrrh.",72,11,1,50.82,50.82
755,"Finally, the dust that has deposited on the fabric over the centuries is examined.",67,14,1,62.57,62.57
756,Reconstruction of a loom of the period.,32,7,1,86.14,86.14
757,"Scale reconstruction of a first-century Jewish tomb, set against a floor plan of the Basilica of the Holy Sepulchre in Jerusalem during the Crusader period.",129,25,1,49.4,49.4
758,Blessed Sebastiano Valfrè.,23,3,1,112.33,100
759,Saint Francis de Sales.,19,4,1,116.5,100
760,Pope Pius Seventh.,15,3,1,139.0,100
761,"In this display case, you can see some fragments of the fabrics that protected the Shroud over time inside the chest in which it was kept, distributed as 'contact' relics and accompanied by an authentication certificate testifying to their actual contact with the Shroud.",223,44,1,45.14,45.14
762,"Certain objects that came into contact with the Cloth, such as one of the pins used to secure the Shroud during the 1868 exhibition displayed here, were also religiously preserved and passed down.",157,33,1,50.52,50.52
763,One-to-one scale copy of the Shroud on canvas: details can be appreciated in a way very close to direct observation.,93,20,1,57.5,57.5
764,"In the reconstruction of the Shroud's history, the passages from Jerusalem to Edessa (now Sanliurfa in Turkey), and from there to Constantinople and Athens in Greece during the period of the Latin Empire of the East, are currently hypothetical.",199,39,1,45.67,45.67
765,"While those from Lirey, France, to Chambéry, Savoy, and to Turin are precisely documented.",72,14,1,59.0,59.0
766,"In the following display cases, you can follow the development of these routes.",65,13,1,62.08,62.08
767,Two eighteenth-century reliquaries containing a small thread of the Shroud along with others containing fabrics that came into contact with the sacred Cloth.,133,23,1,44.22,44.22
768,"In fifteen hundred and six, Pope Julius II granted public cult of the Shroud, fixing its feast day on May 4 and approving the Mass and Office, the text of which—in a seventeenth-century edition—is displayed in this case.",175,38,1,50.84,50.84
769,"In 1453, the last descendant of Geoffroy de Charny, Marguerite, cedes the Shroud to the House of Savoy.",78,18,1,62.33,62.33
770,"Regarding the oldest period of the Shroud's history, a hypothesis still being studied today identifies the Shroud of Turin with the Mandylion of Edessa, a small cloth known since the 4th century in the East containing the image, believed to be miraculously imprinted, of the face of Christ.",236,48,1,46.08,46.08
771,One of the historical problems on which research focuses concerns the possible events of the Shroud in the first millennium.,104,20,1,52.0,52.0
772,"If the Shroud can be identified with the Mandylion of Edessa, then it would have been transferred to Constantinople in nine hundred and forty-four, and from there, through unclear routes, it would have reached Europe.",177,35,1,47.0,47.0
773,This display case contains some objects and documents that could support this thesis.,72,13,1,56.69,56.69
774,"In 1578, Emmanuel Philibert of Savoy, after moving the political and administrative center of the State from Chambéry to Turin, also wanted to bring the religious palladium of the dynasty, the Shroud.",160,32,1,48.38,48.38
775,"The Cloth made the journey folded several times inside this small wooden chest, which in ancient times must have been covered with precious scales, perhaps mother-of-pearl and tortoiseshell.",158,28,1,43.29,43.29
776,"With the granting of the official cult of the Shroud by Pope Julius II in fifteen hundred and six, which fixed the feast day for May 4, the fame and devotion toward the relic grew, also as a consequence of the periodic exhibitions held in Chambéry.",198,46,1,52.48,52.48
777,The seventeenth and eighteenth centuries are the centuries in which devotion to the Shroud developed most extensively.,101,17,1,47.24,47.24
778,Numerous representations were produced and circulated.,48,6,1,59.0,59.0
779,"In 1735, the construction of the church of the Confraternity of the Most Holy Shroud, located above this crypt, was completed.",98,21,1,56.62,56.62
780,"Between the sixteenth and seventeenth centuries, more than 100 texts entirely dedicated to or otherwise dealing with the Shroud were written and published.",128,23,1,46.39,46.39
781,"From the second half of the eighteenth century, exhibitions began to become rarer.",68,13,1,59.77,59.77
782,"In the nineteenth century, after the reign of Charles Felix, exhibitions became even rarer, occurring only for dynastic weddings.",107,19,1,48.47,48.47
783,The Shroud is not the only image of Christ to have been an object of devotion in Europe since the Middle Ages.,88,22,1,62.64,62.64
784,"From the Veronica to the Mandylion to the Shroud of Besançon, other venerated images believed to be of Christ are remembered through the centuries.",122,24,1,50.67,50.67
785,"Of all of them, the only one that has stood the test of critical scrutiny due to its unique characteristics is the Shroud of Turin.",105,25,1,59.0,59.0
786,"In this display case, you can admire a beautiful depiction of the Deposition from the Cross with the exhibition of the Shroud.",103,22,1,55.82,55.82
787,"On the sides, in monochrome, are the instruments of the Passion presented by angels.",68,14,1,61.86,61.86
788,It is a work from the beginning of the seventeenth century painted on silk by Giovanni Battista Della Rovere.,90,19,1,57.42,57.42
789,"The iconography of the burial in the Shroud, of which you have already seen an enlargement.",74,16,1,61.5,61.5
790,"The purpose of the Confraternity, the creator of the Museum, has been since its origins to spread the cult and knowledge of the Shroud.",109,24,1,56.08,56.08
791,"In the glass case, you can observe the precious wooden chest, covered with silver leaf and studded with semi-precious stones and enamels, in which the Shroud was kept rolled up from the end of the 16th century until nineteen ninety-eight.",191,40,1,48.75,48.75
792,The lid is made of wood covered with fabric.,35,9,1,83.44,83.44
793,"It is a precious work commissioned by the House of Savoy, which over time has undergone some additions and modifications that, however, have not altered its original layout.",142,28,1,49.0,49.0
794,"Below the case are displayed the accessories used for the conservation of the Shroud inside the chest, which were removed when the new conservation system was adopted.",139,27,1,48.63,48.63
795,The silk-covered wooden roller on which the sheet was rolled and the pads that were inserted between the roller and the fabric are visible.,114,24,1,54.0,54.0
796,Seven solemn exhibitions have been held from the twentieth century to the present.,69,13,1,59.0,59.0
797,"The first took place in 1931, on the occasion of the wedding of the future King Umberto II.",68,18,1,67.89,67.89
798,"In 1933, another followed to celebrate the Holy Year of Redemption.",51,11,1,69.91,69.91
799,"In 1973, a televised exhibition was held instead.",36,8,1,81.5,81.5
800,"In 1978, the event commemorated the four-hundredth anniversary of the Shroud's arrival in Turin.",75,14,1,56.86,56.86
801,The 1998 exhibition commemorated several anniversaries of Piedmontese religious history and the centenary of the first photograph of the Cloth.,119,20,1,44.5,44.5
802,"In 2000, the Great Jubilee was celebrated, and finally, the list concludes with the exhibition of 2010.",75,17,1,62.53,62.53
803,One can see how the Shroud is preserved laid flat in a large controlled-atmosphere case.,72,15,1,61.0,61.0
804,The statue was created in nineteen ninety-eight by the sculptor Luigi Mattei.,64,12,1,60.67,60.67
805,"In this niche is displayed the camera that belonged to the lawyer from Asti, Secondo Pia, with which he took the first photographs of the Shroud on May 25 and 28, eighteen ninety-eight.",144,33,1,54.45,54.45
806,It is a device specially built for Pia by a Turin craftsman in order to take large-format photographs.,83,18,1,59.56,59.56
807,"Photograph of the Shroud’s altar in the Cathedral during the exhibition of eighteen ninety-eight, taken by Secondo Pia.",98,18,1,51.22,51.22
808,Enlargement of the face in photographic negative.,42,7,1,71.86,71.86
809,This niche displays several works by artists inspired by the face of the Man of the Shroud.,74,17,1,63.12,63.12
810,These are works produced from nineteen thirty-one to the present day.,57,11,1,64.45,64.45
811,"At the center is the evocative work 'Resurrection' by the young contemporary Polish artist Bartosz Keska from Zakopane, which captures the moment of Christ's return to life, expressed by the intensely luminous silhouette that comes to life beneath the Shroud.",214,40,1,43.0,43.0
812,"The publication of the results of Pia's photographs caused a renewed interest in the Shroud, but also many controversies.",100,19,1,52.16,52.16
813,The Shroud presents two types of impressions: bloodstains and body marks.,61,11,1,60.82,60.82
814,"Reproduction of a helmet of thorny branches, which remains the most credited hypothesis for the Crown of Thorns in the narrative.",107,21,1,52.33,52.33
815,One can recognize the fracture of the nose and a hematoma on the right cheekbone.,66,15,1,65.0,65.0
816,"On the forehead, blood flows are evident, caused by a helmet of thorny branches, like the one displayed alongside.",92,19,1,56.37,56.37
817,"Secondo Pia, born in 1855 and died in nineteen forty-one, was one of the greatest photographers of the nineteenth century.",95,20,1,56.5,56.5
818,This display case documents the operations for the conservation of the Shroud carried out in June-July two thousand and two.,103,20,1,52.5,52.5
819,"On the left wrist, a trickle of blood is visible, having flowed from a wound caused by the penetration of a nail.",89,22,1,62.18,62.18
820,"Displayed alongside are three eighteenth-century nails reconstructed in imitation of those used for crucifixions in Roman times, forged probably including some fragments of nails believed to be original, as shown by the hanging seals.",197,34,1,39.88,39.88
821,Conservation operations in the two thousands.,39,6,1,74.0,74.0
822,"On April 21, 1988, fabric samples were taken from the Shroud to be subjected to dating using the radiocarbon method at the laboratories of Oxford, Zurich, and Tucson.",128,28,1,54.0,54.0
823,Studies of the image of the Shroud with the aid of computers are represented.,63,14,1,65.43,65.43
824,This display case illustrates the study of the various traces present on the Shroud.,70,14,1,60.43,60.43
825,"Some marks are due to burns, wax, and water.",33,9,1,85.67,85.67
826,"Other traces derive from the contact of the sheet with the body, such as blood, serum, and skin cells.",80,19,1,62.68,62.68
827,"Furthermore, the preservative substances used are analyzed, including aloe and myrrh.",72,11,1,50.82,50.82
828,"Finally, the dust that has deposited on the fabric over the centuries is examined.",67,14,1,62.57,62.57
829,Reconstruction of a loom of the period.,32,7,1,86.14,86.14
830,"Scale reconstruction of a first-century Jewish tomb, set against a floor plan of the Basilica of the Holy Sepulchre in Jerusalem during the Crusader period.",129,25,1,49.4,49.4
831,Blessed Sebastiano Valfrè.,23,3,1,112.33,100
832,Saint Francis de Sales.,19,4,1,116.5,100
833,Pope Pius Seventh.,15,3,1,139.0,100
834,"In this display case, you can see some fragments of the fabrics that protected the Shroud over time inside the chest in which it was kept, distributed as 'contact' relics and accompanied by an authentication certificate testifying to their actual contact with the Shroud.",223,44,1,45.14,45.14
835,"Certain objects that came into contact with the Cloth, such as one of the pins used to secure the Shroud during the 1868 exhibition displayed here, were also religiously preserved and passed down.",157,33,1,50.52,50.52
836,One-to-one scale copy of the Shroud on canvas: details can be appreciated in a way very close to direct observation.,93,20,1,57.5,57.5
837,"In the reconstruction of the Shroud's history, the passages from Jerusalem to Edessa (now Sanliurfa in Turkey), and from there to Constantinople and Athens in Greece during the period of the Latin Empire of the East, are currently hypothetical.",199,39,1,45.67,45.67
838,"While those from Lirey, France, to Chambéry, Savoy, and to Turin are precisely documented.",72,14,1,59.0,59.0
839,"In the following display cases, you can follow the development of these routes.",65,13,1,62.08,62.08
840,Two eighteenth-century reliquaries containing a small thread of the Shroud along with others containing fabrics that came into contact with the sacred Cloth.,133,23,1,44.22,44.22
841,"In fifteen hundred and six, Pope Julius II granted public cult of the Shroud, fixing its feast day on May 4 and approving the Mass and Office, the text of which—in a seventeenth-century edition—is displayed in this case.",175,38,1,50.84,50.84
842,"In 1453, the last descendant of Geoffroy de Charny, Marguerite, cedes the Shroud to the House of Savoy.",78,18,1,62.33,62.33
843,"Regarding the oldest period of the Shroud's history, a hypothesis still being studied today identifies the Shroud of Turin with the Mandylion of Edessa, a small cloth known since the 4th century in the East containing the image, believed to be miraculously imprinted, of the face of Christ.",236,48,1,46.08,46.08
844,One of the historical problems on which research focuses concerns the possible events of the Shroud in the first millennium.,104,20,1,52.0,52.0
845,"If the Shroud can be identified with the Mandylion of Edessa, then it would have been transferred to Constantinople in nine hundred and forty-four, and from there, through unclear routes, it would have reached Europe.",177,35,1,47.0,47.0
846,This display case contains some objects and documents that could support this thesis.,72,13,1,56.69,56.69
847,"In 1578, Emmanuel Philibert of Savoy, after moving the political and administrative center of the State from Chambéry to Turin, also wanted to bring the religious palladium of the dynasty, the Shroud.",160,32,1,48.38,48.38
848,"The Cloth made the journey folded several times inside this small wooden chest, which in ancient times must have been covered with precious scales, perhaps mother-of-pearl and tortoiseshell.",158,28,1,43.29,43.29
849,"With the granting of the official cult of the Shroud by Pope Julius II in fifteen hundred and six, which fixed the feast day for May 4, the fame and devotion toward the relic grew, also as a consequence of the periodic exhibitions held in Chambéry.",198,46,1,52.48,52.48
850,The seventeenth and eighteenth centuries are the centuries in which devotion to the Shroud developed most extensively.,101,17,1,47.24,47.24
851,Numerous representations were produced and circulated.,48,6,1,59.0,59.0
852,"In 1735, the construction of the church of the Confraternity of the Most Holy Shroud, located above this crypt, was completed.",98,21,1,56.62,56.62
853,"Between the sixteenth and seventeenth centuries, more than 100 texts entirely dedicated to or otherwise dealing with the Shroud were written and published.",128,23,1,46.39,46.39
854,"From the second half of the eighteenth century, exhibitions began to become rarer.",68,13,1,59.77,59.77
855,"In the nineteenth century, after the reign of Charles Felix, exhibitions became even rarer, occurring only for dynastic weddings.",107,19,1,48.47,48.47
856,The Shroud is not the only image of Christ to have been an object of devotion in Europe since the Middle Ages.,88,22,1,62.64,62.64
857,"From the Veronica to the Mandylion to the Shroud of Besançon, other venerated images believed to be of Christ are remembered through the centuries.",122,24,1,50.67,50.67
858,"Of all of them, the only one that has stood the test of critical scrutiny due to its unique characteristics is the Shroud of Turin.",105,25,1,59.0,59.0
859,"In this display case, you can admire a beautiful depiction of the Deposition from the Cross with the exhibition of the Shroud.",103,22,1,55.82,55.82
860,"On the sides, in monochrome, are the instruments of the Passion presented by angels.",68,14,1,61.86,61.86
861,It is a work from the beginning of the seventeenth century painted on silk by Giovanni Battista Della Rovere.,90,19,1,57.42,57.42
862,"The iconography of the burial in the Shroud, of which you have already seen an enlargement.",74,16,1,61.5,61.5
863,"The purpose of the Confraternity, the creator of the Museum, has been since its origins to spread the cult and knowledge of the Shroud.",109,24,1,56.08,56.08
864,"In the glass case, you can observe the precious wooden chest, covered with silver leaf and studded with semi-precious stones and enamels, in which the Shroud was kept rolled up from the end of the 16th century until nineteen ninety-eight.",191,40,1,48.75,48.75
865,The lid is made of wood covered with fabric.,35,9,1,83.44,83.44
866,"It is a precious work commissioned by the House of Savoy, which over time has undergone some additions and modifications that, however, have not altered its original layout.",142,28,1,49.0,49.0
867,"Below the case are displayed the accessories used for the conservation of the Shroud inside the chest, which were removed when the new conservation system was adopted.",139,27,1,48.63,48.63
868,The silk-covered wooden roller on which the sheet was rolled and the pads that were inserted between the roller and the fabric are visible.,114,24,1,54.0,54.0
869,Seven solemn exhibitions have been held from the twentieth century to the present.,69,13,1,59.0,59.0
870,"The first took place in 1931, on the occasion of the wedding of the future King Umberto II.",68,18,1,67.89,67.89
871,"In 1933, another followed to celebrate the Holy Year of Redemption.",51,11,1,69.91,69.91
872,"In 1973, a televised exhibition was held instead.",36,8,1,81.5,81.5
873,"In 1978, the event commemorated the four-hundredth anniversary of the Shroud's arrival in Turin.",75,14,1,56.86,56.86
874,The 1998 exhibition commemorated several anniversaries of Piedmontese religious history and the centenary of the first photograph of the Cloth.,119,20,1,44.5,44.5
875,"In 2000, the Great Jubilee was celebrated, and finally, the list concludes with the exhibition of 2010.",75,17,1,62.53,62.53
876,One can see how the Shroud is preserved laid flat in a large controlled-atmosphere case.,72,15,1,61.0,61.0
